question,student_id,teacher_score,model_avg_score,selected_baseline_score,final_calibrated_score,diff_final_minus_teacher,abs_error,route,blank_rate,unwritten_count,boundary_action,baseline_policy,facts_brief,diagnosis
Q2,E12314041_Q2,18.0,2.0,2.0,2.0,-16.0,16.0,POS,0.0,0,,model_avg,"{""1"": ""A.D.C.E.B"", ""2"": ""1111"", ""3"": ""1001"", ""4"": ""1100"", ""5"": ""1110"", ""6"": ""1010"", ""7-1"": ""A.中断 A结束"", ""7-2"": ""D.E中断"", ""7-3"": ""C结束 B.E结束""}",severe_underestimate;equivalent_expression_or_diagram_not_credited;q2_extreme_visual_or_rubric_mismatch
Q2,E12314089_Q2,15.0,0.0,0,0.0,-15.0,15.0,BND,0.89,0,keep_minor_change,model_avg,"{""1"": ""B E C D A"", ""2"": ""未书写"", ""3"": ""未书写"", ""4"": ""未书写"", ""5"": ""未书写"", ""6"": ""未书写"", ""7-1"": ""未书写"", ""7-2"": ""未书写"", ""7-3"": ""未书写""}",severe_underestimate;high_extraction_blank;q2_extreme_visual_or_rubric_mismatch;bnd_no_effect;gate_keep_minor_change
Q2,E01914290_Q2,15.0,2.0,2.0,2.0,-13.0,13.0,BND,0.56,0,keep_minor_change,model_avg,"{""1"": ""A＞D＞C＞E＞B"", ""2"": ""B＜C DE"", ""3"": ""无屏蔽字"", ""4"": ""未书写"", ""5"": ""B、C、D、E"", ""6"": ""未书写"", ""7-1"": ""未书写"", ""7-2"": ""未书写"", ""7-3"": ""未书写""}",severe_underestimate;high_extraction_blank;q2_extreme_visual_or_rubric_mismatch;bnd_no_effect;gate_keep_minor_change
Q2,E12314009_Q2,15.0,2.0,2.0,2.0,-13.0,13.0,BND,0.89,0,keep_minor_change,model_avg,"{""1"": ""A>D>C>E>B"", ""2"": ""未书写"", ""3"": ""未书写"", ""4"": ""未书写"", ""5"": ""未书写"", ""6"": ""未书写"", ""7-1"": ""未书写"", ""7-2"": ""未书写"", ""7-3"": ""未书写""}",severe_underestimate;high_extraction_blank;q2_extreme_visual_or_rubric_mismatch;bnd_no_effect;gate_keep_minor_change
Q2,E12314125_Q2,15.0,2.0,2.0,2.0,-13.0,13.0,BND,0.89,0,keep_minor_change,model_avg,"{""1"": ""A＞D＞C＞E＞B"", ""2"": ""未书写"", ""3"": ""未书写"", ""4"": ""未书写"", ""5"": ""未书写"", ""6"": ""未书写"", ""7-1"": ""未书写"", ""7-2"": ""未书写"", ""7-3"": ""未书写""}",severe_underestimate;high_extraction_blank;q2_extreme_visual_or_rubric_mismatch;bnd_no_effect;gate_keep_minor_change
Q2,E12314129_Q2,15.0,2.0,2.0,2.0,-13.0,13.0,BND,0.89,0,keep_minor_change,model_avg,"{""1"": ""A>D>C>E>B"", ""2"": ""未书写"", ""3"": ""未书写"", ""4"": ""未书写"", ""5"": ""未书写"", ""6"": ""未书写"", ""7-1"": ""未书写"", ""7-2"": ""未书写"", ""7-3"": ""未书写""}",severe_underestimate;high_extraction_blank;q2_extreme_visual_or_rubric_mismatch;bnd_no_effect;gate_keep_minor_change
Q2,E12314221_Q2,15.0,2.0,2.0,2.0,-13.0,13.0,BND,0.67,0,keep_minor_change,model_avg,"{""1"": ""A.D.C.E.B"", ""2"": ""B、C、E、D"", ""3"": ""不屏蔽"", ""4"": ""未书写"", ""5"": ""未书写"", ""6"": ""未书写"", ""7-1"": ""未书写"", ""7-2"": ""未书写"", ""7-3"": ""未书写""}",severe_underestimate;high_extraction_blank;q2_extreme_visual_or_rubric_mismatch;bnd_no_effect;gate_keep_minor_change
Q2,E12214212_Q2,14.0,2.0,2.0,2.0,-12.0,12.0,BND,0.89,0,keep_minor_change,model_avg,"{""1"": ""A>D>C>E>B"", ""2"": ""未书写"", ""3"": ""未书写"", ""4"": ""未书写"", ""5"": ""未书写"", ""6"": ""未书写"", ""7-1"": ""未书写"", ""7-2"": ""未书写"", ""7-3"": ""未书写""}",severe_underestimate;high_extraction_blank;bnd_no_effect;gate_keep_minor_change
Q2,E12314217_Q2,20.0,8.0,8.0,8.0,-12.0,12.0,BND,0.33,0,keep_minor_change,model_avg,"{""1"": ""A>D>C>E>B"", ""2"": ""11111"", ""3"": ""01000"", ""4"": ""01110"", ""5"": ""01111"", ""6"": ""01010"", ""7-1"": ""未书写"", ""7-2"": ""未书写"", ""7-3"": ""未书写""}",severe_underestimate;medium_extraction_blank;bnd_no_effect;gate_keep_minor_change
Q2,E12314017_Q2,19.0,8.7,8.7,8.7,-10.3,10.3,BND,0.0,0,reject_lower,model_avg,"{""1"": ""A>D>C>E>B"", ""2"": ""1111"", ""3"": ""0111"", ""4"": ""0011"", ""5"": ""0001"", ""6"": ""00001"", ""7-1"": ""A→B→C"", ""7-2"": ""D→E"", ""7-3"": ""处理完D后返回到B中断，处理完C后返回到B中断""}",severe_underestimate;equivalent_expression_or_diagram_not_credited;bnd_no_effect;gate_reject_lower
Q2,E12314157_Q2,18.0,7.7,7.7,7.7,-10.3,10.3,POS,0.0,0,,model_avg,"{""1"": ""A>D>C>E>B"", ""2"": ""5"", ""3"": ""4"", ""4"": ""3"", ""5"": ""2"", ""6"": ""1"", ""7-1"": ""处理A→处理C"", ""7-2"": ""处理D→处理E"", ""7-3"": ""处理完D级后返回处理C，处理完C级后返回处理E""}",severe_underestimate;equivalent_expression_or_diagram_not_credited
Q2,E12214107_Q2,20.0,10.0,10.0,10.0,-10.0,10.0,BND,0.11,0,keep_minor_change,model_avg,"{""1"": ""A>D>C>E>B"", ""2"": ""未书写"", ""3"": ""ADCEB"", ""4"": ""ADC"", ""5"": ""AD"", ""6"": ""ADCE"", ""7-1"": ""A→B→C"", ""7-2"": ""D→E"", ""7-3"": ""D返回C，C返回B""}",severe_underestimate;equivalent_expression_or_diagram_not_credited;bnd_no_effect;gate_keep_minor_change
Q2,E12314093_Q2,20.0,10.0,10.0,10.0,-10.0,10.0,BND,0.0,0,reject_lower,model_avg,"{""1"": ""A>D>C>E>B"", ""2"": ""11111"", ""3"": ""01111"", ""4"": ""00111"", ""5"": ""00011"", ""6"": ""00001"", ""7-1"": ""A先处理，然后C"", ""7-2"": ""D先处理，然后E"", ""7-3"": ""处理完D后返回C，处理完C后返回用户程序""}",severe_underestimate;equivalent_expression_or_diagram_not_credited;bnd_no_effect;gate_reject_lower
Q2,E12214023_Q2,20.0,10.0,10.0,11.4,-8.6,8.6,BND,0.33,0,auto_small_raise,model_avg,"{""1"": ""A＞D＞C＞E＞B"", ""2"": ""11111"", ""3"": ""00000"", ""4"": ""01101"", ""5"": ""01111"", ""6"": ""01001"", ""7-1"": ""未书写"", ""7-2"": ""未书写"", ""7-3"": ""未书写""}",severe_underestimate;medium_extraction_blank;gate_auto_small_raise
Q2,E12314185_Q2,20.0,10.0,10.0,11.4,-8.6,8.6,BND,0.33,0,auto_small_raise,model_avg,"{""1"": ""A>D>C>E>B"", ""2"": ""11111"", ""3"": ""01000"", ""4"": ""01110"", ""5"": ""01111"", ""6"": ""01001"", ""7-1"": ""未书写"", ""7-2"": ""未书写"", ""7-3"": ""未书写""}",severe_underestimate;medium_extraction_blank;gate_auto_small_raise
Q2,E12314045_Q2,15.0,6.7,6.7,6.7,-8.3,8.3,BND,0.33,0,reject_lower,model_avg,"{""1"": ""A>D>C>E>B"", ""2"": ""11111"", ""3"": ""00000"", ""4"": ""01010"", ""5"": ""01111"", ""6"": ""01000"", ""7-1"": ""未书写"", ""7-2"": ""未书写"", ""7-3"": ""未书写""}",severe_underestimate;medium_extraction_blank;bnd_no_effect;gate_reject_lower
Q2,E12214098_Q2,20.0,12.0,12.0,12.0,-8.0,8.0,BND,0.33,0,keep_minor_change,model_avg,"{""1"": ""A>D>C>E>B"", ""2"": ""1 1 1 1 1"", ""3"": ""0 1 0 0 0"", ""4"": ""0 1 1 0 1"", ""5"": ""0 1 1 1 1"", ""6"": ""0 1 0 0 1"", ""7-1"": ""未书写"", ""7-2"": ""未书写"", ""7-3"": ""未书写""}",severe_underestimate;medium_extraction_blank;bnd_no_effect;gate_keep_minor_change
Q2,E12314085_Q2,20.0,12.0,12.0,12.0,-8.0,8.0,BND,0.33,0,keep_minor_change,model_avg,"{""1"": ""A>D>C>E>B"", ""2"": ""11111"", ""3"": ""01000"", ""4"": ""01101"", ""5"": ""01111"", ""6"": ""01001"", ""7-1"": ""未书写"", ""7-2"": ""未书写"", ""7-3"": ""未书写""}",severe_underestimate;medium_extraction_blank;bnd_no_effect;gate_keep_minor_change
Q2,E12314145_Q2,18.0,10.0,10.0,10.0,-8.0,8.0,BND,0.0,0,keep_minor_change,model_avg,"{""1"": ""A>D>C>E>B"", ""2"": ""无"", ""3"": ""C:A,D"", ""4"": ""A,D"", ""5"": ""A"", ""6"": ""A,D,C"", ""7-1"": ""A→B→C"", ""7-2"": ""D→E"", ""7-3"": ""处理完D级中断后返回C级，处理完C级中断后返回B级""}",severe_underestimate;bnd_no_effect;gate_keep_minor_change
Q2,E12314037_Q2,18.0,10.3,10.3,10.3,-7.7,7.7,BND,0.0,0,keep_minor_change,model_avg,"{""1"": ""A＞D＞C＞E＞B"", ""2"": ""11111"", ""3"": ""00001"", ""4"": ""00111"", ""5"": ""01111"", ""6"": ""00011"", ""7-1"": ""A处理完毕"", ""7-2"": ""D处理完毕"", ""7-3"": ""处理完D级中断后返回到C级中断处理程序；处理完C级中断后返回到B级中断处理程序""}",severe_underestimate;bnd_no_effect;gate_keep_minor_change
Q2,E12314205_Q2,20.0,11.3,11.3,12.3,-7.7,7.7,BND,0.33,0,medium_raise,model_avg,"{""1"": ""A＞D＞C＞E＞B"", ""2"": ""11111"", ""3"": ""00000 01000"", ""4"": ""01101"", ""5"": ""01111"", ""6"": ""01001"", ""7-1"": ""未书写"", ""7-2"": ""未书写"", ""7-3"": ""未书写""}",severe_underestimate;medium_extraction_blank;gate_medium_raise
Q2,E12314065_Q2,20.0,12.7,12.7,12.7,-7.3,7.3,BND,0.11,0,reject_lower,model_avg,"{""1"": ""A>D>C>E>B"", ""2"": ""11111"", ""3"": ""01000"", ""4"": ""01101"", ""5"": ""01111"", ""6"": ""01001"", ""7-1"": ""同时A、B、C级中断请求"", ""7-2"": ""同时D、E级中断请求"", ""7-3"": ""未书写""}",severe_underestimate;bnd_no_effect;gate_reject_lower
Q2,E12314029_Q2,20.0,13.0,13.0,13.0,-7.0,7.0,BND,0.0,0,keep_minor_change,model_avg,"{""1"": ""A>D>C>E>B"", ""2"": ""11111"", ""3"": ""01000"", ""4"": ""01101"", ""5"": ""01010"", ""6"": ""01011"", ""7-1"": ""A→B(被判断)→C(被判断)→I"", ""7-2"": ""→E→B"", ""7-3"": ""处理完D级中断后返回C，处理完C级中断后返回B""}",severe_underestimate;bnd_no_effect;gate_keep_minor_change
Q2,E12314141_Q2,15.0,8.3,8.3,8.3,-6.7,6.7,BND,0.33,0,keep_minor_change,model_avg,"{""1"": ""ADCEB"", ""2"": ""B、C、D、E"", ""3"": ""未书写"", ""4"": ""未书写"", ""5"": ""B、C、E"", ""6"": ""未书写"", ""7-1"": ""A→C→B"", ""7-2"": ""E→D"", ""7-3"": ""D→C，C→B""}",severe_underestimate;medium_extraction_blank;bnd_no_effect;gate_keep_minor_change
Q2,E02014181_Q2,15.0,8.7,8.7,8.7,-6.3,6.3,BND,0.0,0,reject_raise,model_avg,"{""1"": ""A＞D＞C＞E＞B"", ""2"": ""DCEB"", ""3"": ""无"", ""4"": ""EB"", ""5"": ""CEB"", ""6"": ""B"", ""7-1"": ""A级先于B、C级处理"", ""7-2"": ""D级先于E级处理"", ""7-3"": ""处理完D级后返回C级，处理完C级后返回用户程序""}",severe_underestimate;bnd_no_effect;gate_reject_raise
Q2,E12314193_Q2,15.0,8.7,8.7,8.7,-6.3,6.3,BND,0.0,0,keep_minor_change,model_avg,"{""1"": ""A>D>C>E>B"", ""2"": ""B.C.P.E"", ""3"": ""无"", ""4"": ""B,E"", ""5"": ""C,B,E"", ""6"": ""B"", ""7-1"": ""A→D→C→E→B"", ""7-2"": ""D→E"", ""7-3"": ""C, 用户程序""}",severe_underestimate;bnd_no_effect;gate_keep_minor_change
Q2,E01914115_Q2,18.0,14.0,14.0,12.0,-6.0,6.0,BND,0.0,0,large_lower,model_avg,"{""1"": ""A＞D＞C＞E＞B"", ""2"": ""1 - - - -"", ""3"": ""0 1 0 0 0"", ""4"": ""0 1 0 - -"", ""5"": ""0 1 - - -"", ""6"": ""0 - 0 0 1"", ""7-1"": ""A先处理，然后C，然后B"", ""7-2"": ""D先处理，然后E"", ""7-3"": ""处理完D级中断后返回C级中断处理，处理完C级中断后返回用户程序""}",severe_underestimate;gate_large_lower
Q2,E12214062_Q2,18.0,12.0,12.0,12.0,-6.0,6.0,POS,0.0,0,,model_avg,"{""1"": ""A＞D＞C＞E＞B"", ""2"": ""11111"", ""3"": ""01111"", ""4"": ""11101"", ""5"": ""11011"", ""6"": ""10111"", ""7-1"": ""A先于B、C处理"", ""7-2"": ""D先于E处理"", ""7-3"": ""处理完D级后返回C级，处理完C级后返回B级""}",severe_underestimate
Q2,E12314117_Q2,15.0,8.3,8.3,9.7,-5.3,5.3,BND,0.33,0,small_raise,model_avg,"{""1"": ""A>D>C>E>B"", ""2"": ""A、D、C、E、B"", ""3"": ""无"", ""4"": ""C、E、B"", ""5"": ""D、C、E、B"", ""6"": ""E、B"", ""7-1"": ""未书写"", ""7-2"": ""未书写"", ""7-3"": ""未书写""}",severe_underestimate;medium_extraction_blank;gate_small_raise
Q2,E12314213_Q2,15.0,9.7,9.7,9.7,-5.3,5.3,BND,0.0,0,keep_minor_change,model_avg,"{""1"": ""优先级排列顺序为 A D C E B A为最低优先处理"", ""2"": ""否"", ""3"": ""A1B,C,D"", ""4"": ""#A1D"", ""5"": ""A"", ""6"": ""A1C,D"", ""7-1"": ""A→B→C"", ""7-2"": ""D→E"", ""7-3"": ""返回C级；返回B级""}",severe_underestimate;bnd_no_effect;gate_keep_minor_change
Q2,E12314049_Q2,20.0,15.0,15.0,15.0,-5.0,5.0,BND,0.0,0,keep_minor_change,model_avg,"{""1"": ""A>D>C>E>B"", ""2"": ""11111"", ""3"": ""00001"", ""4"": ""01101"", ""5"": ""01111"", ""6"": ""01010"", ""7-1"": ""A→C→B"", ""7-2"": ""D→E"", ""7-3"": ""D→C, C→A""}",severe_underestimate;bnd_no_effect;gate_keep_minor_change
Q2,E12314109_Q2,18.0,13.0,13.0,13.0,-5.0,5.0,POS,0.0,0,,model_avg,"{""1"": ""A > D > C > E > B"", ""2"": ""11111"", ""3"": ""00001"", ""4"": ""00111"", ""5"": ""01111"", ""6"": ""00011"", ""7-1"": ""A先于B、C"", ""7-2"": ""D先于E"", ""7-3"": ""处理完D级后返回C级，处理完C级后返回用户程序""}",severe_underestimate
Q2,E12314113_Q2,15.0,10.0,10.0,10.0,-5.0,5.0,BND,0.11,0,reject_lower,model_avg,"{""1"": ""A＞D＞C＞E＞B"", ""2"": ""D、C、E、B"", ""3"": ""无."", ""4"": ""未书写"", ""5"": ""C、D、E"", ""6"": ""B"", ""7-1"": ""A→C→B"", ""7-2"": ""D→E"", ""7-3"": ""处理完D级后返回C级，处理完C级后返回用户程序""}",severe_underestimate;bnd_no_effect;gate_reject_lower
Q2,E12314189_Q2,15.0,20.0,20.0,20.0,5.0,5.0,POS,0.0,0,,model_avg,"{""1"": ""顺序A>D>C>E>B"", ""2"": ""1 1 1 1 1"", ""3"": ""0 1 0 0 0"", ""4"": ""0 1 1 0 1"", ""5"": ""0 1 1 1 1"", ""6"": ""0 1 0 0 1"", ""7-1"": ""先处理完A，随后B响应优先级高C处理优先级高 B响应后立刻被C打断"", ""7-2"": ""DE请求后，D处理优先级高先处理D，D结束后处理C"", ""7-3"": ""D结束后处理C，C之后E处理优先级高 先E，最后B""}",severe_overestimate
Q2,E12314069_Q2,18.0,13.2,13.2,13.2,-4.8,4.8,BND,0.0,0,keep_minor_change,model_avg,"{""1"": ""A＞D＞C＞E＞B"", ""2"": ""11111"", ""3"": ""00000"", ""4"": ""01101"", ""5"": ""01111"", ""6"": ""01000"", ""7-1"": ""A级先于C级"", ""7-2"": ""D级先于E级"", ""7-3"": ""处理完D级后返回C级，处理完C级后返回用户程序""}",severe_underestimate;bnd_no_effect;gate_keep_minor_change
Q2,E12314209_Q2,20.0,16.0,16.0,16.0,-4.0,4.0,BND,0.0,0,keep_minor_change,model_avg,"{""1"": ""A>D>C>E>B"", ""2"": ""11111"", ""3"": ""01000"", ""4"": ""01101"", ""5"": ""11001"", ""6"": ""11000"", ""7-1"": ""先A后C再B"", ""7-2"": ""先D后E"", ""7-3"": ""处理完D后返回C，处理完C后返回B""}",severe_underestimate;bnd_no_effect;gate_keep_minor_change
Q2,E12314033_Q2,20.0,16.7,16.7,16.7,-3.3,3.3,BND,0.0,0,keep_minor_change,model_avg,"{""1"": ""A>D>C>E>B"", ""2"": ""11111"", ""3"": ""00001"", ""4"": ""01101"", ""5"": ""01111"", ""6"": ""01001"", ""7-1"": ""A级先于B、C级"", ""7-2"": ""D级先于E级"", ""7-3"": ""处理完D级后返回C级，处理完C级后返回用户程序""}",severe_underestimate;bnd_no_effect;gate_keep_minor_change
Q2,E12314133_Q2,20.0,16.7,16.7,16.7,-3.3,3.3,BND,0.0,0,keep_minor_change,model_avg,"{""1"": ""A > C > E > B"", ""2"": ""11111"", ""3"": ""01000"", ""4"": ""01101"", ""5"": ""01111"", ""6"": ""01001"", ""7-1"": ""A响应 → C响应 → B响应"", ""7-2"": ""D响应 → E响应"", ""7-3"": ""处理完D级中断后返回C级，处理完C级中断后返回A级""}",severe_underestimate;bnd_no_effect;gate_keep_minor_change
Q2,E12314081_Q2,20.0,17.0,17.0,17.0,-3.0,3.0,BND,0.0,0,keep_minor_change,model_avg,"{""1"": ""中断处理优先级为 A>D>C>E>B"", ""2"": ""11111"", ""3"": ""01000"", ""4"": ""01001"", ""5"": ""01111"", ""6"": ""01001"", ""7-1"": ""A先处理，然后C，然后B"", ""7-2"": ""D先处理，然后E"", ""7-3"": ""处理完D级中断后返回到C级中断处理，处理完C级中断后返回到用户程序""}",severe_underestimate;bnd_no_effect;gate_keep_minor_change
Q2,E12314057_Q2,12.0,9.3,9.3,9.3,-2.7,2.7,BND,0.0,0,reject_raise,model_avg,"{""1"": ""A>D>C>E>B"", ""2"": ""无"", ""3"": ""A,C,D,E"", ""4"": ""A,D"", ""5"": ""A"", ""6"": ""A,C,D"", ""7-1"": ""同时出现A,B,C会先A,再C,最后B"", ""7-2"": ""先C,D,再E"", ""7-3"": ""原散""}",severe_underestimate;bnd_no_effect;gate_reject_raise
Q2,E12314165_Q2,18.0,15.3,15.3,15.3,-2.7,2.7,BND,0.0,0,keep_minor_change,model_avg,"{""1"": ""A＞D＞C＞E＞B"", ""2"": ""11111"", ""3"": ""00000"", ""4"": ""01101"", ""5"": ""01111"", ""6"": ""01000"", ""7-1"": ""先A，再有一个C，到D，再到C，接着到E，再到B"", ""7-2"": ""到D，再到C，接着到E"", ""7-3"": ""再到C，接着到E""}",severe_underestimate;bnd_no_effect;gate_keep_minor_change
Q2,E12314181_Q2,18.0,15.5,15.5,15.5,-2.5,2.5,BND,0.0,0,keep_minor_change,model_avg,"{""1"": ""B→E→C→D→A"", ""2"": ""11111"", ""3"": ""01000"", ""4"": ""01101"", ""5"": ""01111"", ""6"": ""01001"", ""7-1"": ""A→C"", ""7-2"": ""D→E"", ""7-3"": ""处理完D级后返回C，处理完C级后返回用户程序""}",severe_underestimate;bnd_no_effect;gate_keep_minor_change
Q2,E12314077_Q2,20.0,17.7,17.7,17.7,-2.3,2.3,POS,0.0,0,,model_avg,"{""1"": ""A>D>C>E>B"", ""2"": ""11111"", ""3"": ""01000"", ""4"": ""01101"", ""5"": ""01111"", ""6"": ""01001"", ""7-1"": ""A→C"", ""7-2"": ""D→E"", ""7-3"": ""处理完D后返回C，处理完C后返回用户程序""}",severe_underestimate
Q2,E01914214_Q2,20.0,18.0,18.0,18.0,-2.0,2.0,POS,0.0,0,,model_avg,"{""1"": ""A＞D＞C＞E＞B"", ""2"": ""1 1 1 1 1"", ""3"": ""0 1 0 0 0"", ""4"": ""0 1 1 0 1"", ""5"": ""0 1 1 1 1"", ""6"": ""0 1 0 0 1"", ""7-1"": ""A→D→C"", ""7-2"": ""D→E"", ""7-3"": ""处理完D级后返回C，处理完C级后返回D""}",within_2
Q2,E12314025_Q2,20.0,18.0,18.0,18.0,-2.0,2.0,POS,0.0,0,,model_avg,"{""1"": ""A＞D＞C＞E＞B"", ""2"": ""11111"", ""3"": ""01000"", ""4"": ""01101"", ""5"": ""01111"", ""6"": ""01001"", ""7-1"": ""用户程序→A→C"", ""7-2"": ""D→E"", ""7-3"": ""D返回C，C返回用户程序""}",within_2
Q2,E12314161_Q2,12.0,10.0,10.0,10.0,-2.0,2.0,BND,0.0,0,reject_raise,model_avg,"{""1"": ""A＞D＞C＞E＞B"", ""2"": ""BCDE"", ""3"": ""无"", ""4"": ""BE"", ""5"": ""BCDE"", ""6"": ""B"", ""7-1"": ""A→C→B"", ""7-2"": ""D→E"", ""7-3"": ""D→C，C→A""}",within_2;bnd_no_effect;gate_reject_raise
Q2,E12314177_Q2,20.0,18.0,18.0,18.0,-2.0,2.0,BND,0.0,0,keep_minor_change,model_avg,"{""1"": ""B＞E＞C→D＞A"", ""2"": ""1 1 1 1 1"", ""3"": ""0 1 0 0 0"", ""4"": ""0 1 1 0 1"", ""5"": ""0 1 1 1 1"", ""6"": ""0 1 0 0 1"", ""7-1"": ""先执行A"", ""7-2"": ""先执行D"", ""7-3"": ""处理完D级中断后的返回目标位置：执行C级中断；处理完C级中断后的返回目标位置：执行B""}",within_2;bnd_no_effect;gate_keep_minor_change
Q2,E12214171_Q2,20.0,18.7,18.7,18.7,-1.3,1.3,POS,0.0,0,,model_avg,"{""1"": ""A>D>C>E>B"", ""2"": ""11111"", ""3"": ""01000"", ""4"": ""01101"", ""5"": ""01111"", ""6"": ""01001"", ""7-1"": ""A先处理，然后C"", ""7-2"": ""D先处理，然后E"", ""7-3"": ""处理完D级后返回C级，处理完C级后返回用户程序""}",within_2
Q2,E12314097_Q2,15.0,16.3,16.3,16.3,1.3,1.3,BND,0.0,0,reject_raise,model_avg,"{""1"": ""A>D>C>E>B"", ""2"": ""B.C.D.E"", ""3"": ""无"", ""4"": ""B.E"", ""5"": ""B.C.E"", ""6"": ""B"", ""7-1"": ""A→C→B"", ""7-2"": ""D→E"", ""7-3"": ""处理完D后返回C，处理完C后返回B""}",within_2;bnd_no_effect;gate_reject_raise
Q2,E12314173_Q2,20.0,18.7,18.7,18.7,-1.3,1.3,POS,0.0,0,,model_avg,"{""1"": ""ADC E B"", ""2"": ""11111"", ""3"": ""01000"", ""4"": ""01101"", ""5"": ""01111"", ""6"": ""01001"", ""7-1"": ""A→C→B"", ""7-2"": ""D→E"", ""7-3"": ""处理完D级中断后返回C级中断处理，处理完C级中断后返回用户程序""}",within_2
Q2,E12314061_Q2,20.0,19.0,19.0,19.0,-1.0,1.0,POS,0.0,0,,model_avg,"{""1"": ""A>D>C>E>B"", ""2"": ""11111"", ""3"": ""01000"", ""4"": ""01101"", ""5"": ""01111"", ""6"": ""01001"", ""7-1"": ""A处理完→C处理完→B处理完"", ""7-2"": ""D处理完→E处理完"", ""7-3"": ""返回C；返回A""}",within_2
Q2,E12314169_Q2,18.0,19.0,19.0,19.0,1.0,1.0,POS,0.0,0,,model_avg,"{""1"": ""A＞D＞C＞E＞B"", ""2"": ""11111"", ""3"": ""01000"", ""4"": ""01101"", ""5"": ""01111"", ""6"": ""01001"", ""7-1"": ""A级中断处理在B、C之前（A先于C）"", ""7-2"": ""D级中断处理在E级之前"", ""7-3"": ""处理完D级中断后返回C级中断，处理完C级中断后返回用户程序""}",within_2
Q2,E12314201_Q2,20.0,19.0,19.0,19.0,-1.0,1.0,POS,0.0,0,,model_avg,"{""1"": ""A>D>C>E>B"", ""2"": ""11111"", ""3"": ""01000"", ""4"": ""01101"", ""5"": ""01111"", ""6"": ""01001"", ""7-1"": ""A先于B、C，顺序为A→C→B"", ""7-2"": ""D先于E，顺序为D→E"", ""7-3"": ""处理完D后返回C的中断处理，处理完C后返回用户程序""}",within_2
Q2,E12214006_Q2,18.0,18.7,18.7,18.7,0.7,0.7,POS,0.0,0,,model_avg,"{""1"": ""A>D>C>E>B"", ""2"": ""11111"", ""3"": ""01000"", ""4"": ""01101"", ""5"": ""01111"", ""6"": ""01001"", ""7-1"": ""A级中断处理完→D级中断处理完→C级中断处理完"", ""7-2"": ""D级中断处理完→E级中断处理完"", ""7-3"": ""处理完D级中断后返回C级中断；处理完C级中断后返回A级中断""}",within_2
Q2,E12314021_Q2,18.0,17.3,17.3,17.3,-0.7,0.7,BND,0.0,0,reject_lower,model_avg,"{""1"": ""A→D→C→E→B"", ""2"": ""11111"", ""3"": ""01100"", ""4"": ""01101"", ""5"": ""01111"", ""6"": ""01001"", ""7-1"": ""A→D→C"", ""7-2"": ""D→E"", ""7-3"": ""处理完D级中断后返回C级中断处理，处理完C级中断后返回用户程序""}",within_2;bnd_no_effect;gate_reject_lower
Q2,E12214075_Q2,20.0,19.7,19.7,19.7,-0.3,0.3,POS,0.0,0,,model_avg,"{""1"": ""A→D→C→E→B"", ""2"": ""1 1 1 1 1"", ""3"": ""0 1 0 0 0"", ""4"": ""0 1 1 0 1"", ""5"": ""0 1 1 1 1"", ""6"": ""0 1 0 0 1"", ""7-1"": ""A"", ""7-2"": ""D"", ""7-3"": ""C""}",within_2
Q2,E12314073_Q2,19.0,18.7,18.7,18.7,-0.3,0.3,POS,0.0,0,,model_avg,"{""1"": ""A>D>C>E>B"", ""2"": ""11111"", ""3"": ""01000"", ""4"": ""01101"", ""5"": ""01111"", ""6"": ""01001"", ""7-1"": ""A先处理，然后C"", ""7-2"": ""D先处理，然后E"", ""7-3"": ""处理完D级后返回C，处理完C级后返回E""}",within_2
Q2,E12314137_Q2,18.0,18.3,18.3,18.3,0.3,0.3,POS,0.0,0,,model_avg,"{""1"": ""A＞D＞C＞E＞B"", ""2"": ""11111"", ""3"": ""01000"", ""4"": ""01001 01101"", ""5"": ""01111"", ""6"": ""01001"", ""7-1"": ""A先于B、C"", ""7-2"": ""D先于E"", ""7-3"": ""处理完D级中断后返回C级中断，处理完C级中断后返回用户程序""}",within_2
Q2,E12214091_Q2,20.0,20.0,20.0,20.0,0.0,0.0,POS,0.0,0,,model_avg,"{""1"": ""A>D>C>E>B"", ""2"": ""11111"", ""3"": ""01000"", ""4"": ""01101"", ""5"": ""01111"", ""6"": ""01001"", ""7-1"": ""ABC 同时 完成请求 A"", ""7-2"": ""DE"", ""7-3"": ""处理完D级中断后返回C级，处理完C级中断后返回B级""}",within_2
Q2,E12314005_Q2,20.0,20.0,20.0,20.0,0.0,0.0,POS,0.0,0,,model_avg,"{""1"": ""A>D>C>E>B"", ""2"": ""11111"", ""3"": ""01000"", ""4"": ""01101"", ""5"": ""01111"", ""6"": ""01001"", ""7-1"": ""A级中断先于B、C级中断处理"", ""7-2"": ""D级中断先于E级中断处理"", ""7-3"": ""处理完D级中断后返回C级中断处理，处理完C级中断后返回B级中断处理""}",within_2
Q2,E12314053_Q2,20.0,20.0,20.0,20.0,0.0,0.0,POS,0.0,0,,model_avg,"{""1"": ""A>D>C>E>B"", ""2"": ""11111"", ""3"": ""01000"", ""4"": ""01101"", ""5"": ""01111"", ""6"": ""01001"", ""7-1"": ""A先于C，C先于B"", ""7-2"": ""D先于E"", ""7-3"": ""D处理后返回C，C处理后返回B""}",within_2
Q2,E12314101_Q2,0.0,0.0,0,0.0,0.0,0.0,BND,1.0,0,keep_minor_change,model_avg,"{""1"": ""未书写"", ""2"": ""未书写"", ""3"": ""未书写"", ""4"": ""未书写"", ""5"": ""未书写"", ""6"": ""未书写"", ""7-1"": ""未书写"", ""7-2"": ""未书写"", ""7-3"": ""未书写""}",within_2;high_extraction_blank;bnd_no_effect;gate_keep_minor_change
Q2,E12314149_Q2,20.0,20.0,20.0,20.0,0.0,0.0,POS,0.0,0,,model_avg,"{""1"": ""A＞D＞C＞E＞B"", ""2"": ""11111"", ""3"": ""01000"", ""4"": ""01101"", ""5"": ""01111"", ""6"": ""01001"", ""7-1"": ""A→C→B"", ""7-2"": ""D→E"", ""7-3"": ""处理完D级后返回C级，处理完C级后返回B级""}",within_2
Q2,WA2324049_Q2,20.0,20.0,20.0,20.0,0.0,0.0,POS,0.0,0,,model_avg,"{""1"": ""A>D>C>E>B"", ""2"": ""11111"", ""3"": ""01000"", ""4"": ""01101"", ""5"": ""01111"", ""6"": ""01001"", ""7-1"": ""A先处理，随后B、C处理"", ""7-2"": ""D先处理，随后E处理"", ""7-3"": ""处理完D级后返回C级处理，处理完C级后返回B级处理""}",within_2
Q3,E12314217_Q3,10.0,2.7,2.7,2.7,-7.3,7.3,BND,0.17,0,reject_lower,model_avg,"{""item_1_1"": ""8E"", ""item_1_2"": ""未书写"", ""item_1_3"": ""没有发生溢出"", ""item_2_1"": ""137"", ""item_2_2"": ""137"", ""item_2_3"": ""没有发生溢出""}",severe_underestimate;teacher_lenient_core_result_credit_not_modeled;q3_major_lenient_gap;bnd_no_effect;gate_reject_lower
Q3,E12214023_Q3,8.0,1.0,1.0,1.0,-7.0,7.0,BND,0.67,0,keep_minor_change,model_avg,"{""item_1_1"": ""8AH"", ""item_1_2"": ""未书写"", ""item_1_3"": ""发生溢出"", ""item_2_1"": ""未书写"", ""item_2_2"": ""未书写"", ""item_2_3"": ""未书写""}",severe_underestimate;high_extraction_blank;teacher_lenient_core_result_credit_not_modeled;q3_major_lenient_gap;bnd_no_effect;gate_keep_minor_change
Q3,E12314065_Q3,7.0,0.0,0,0.0,-7.0,7.0,BND,0.33,0,keep_minor_change,model_avg,"{""item_1_1"": ""BEH"", ""item_1_2"": ""未书写"", ""item_1_3"": ""未发生溢出"", ""item_2_1"": ""E2H"", ""item_2_2"": ""未书写"", ""item_2_3"": ""发生溢出""}",severe_underestimate;medium_extraction_blank;q3_major_lenient_gap;bnd_no_effect;gate_keep_minor_change
Q3,E12314177_Q3,7.0,0.0,0,0.0,-7.0,7.0,BND,0.33,0,keep_minor_change,model_avg,"{""item_1_1"": ""8DH"", ""item_1_2"": ""未书写"", ""item_1_3"": ""未溢出"", ""item_2_1"": ""EBH"", ""item_2_2"": ""未书写"", ""item_2_3"": ""溢出""}",severe_underestimate;medium_extraction_blank;q3_major_lenient_gap;bnd_no_effect;gate_keep_minor_change
Q3,E12214098_Q3,9.0,2.3,2.3,2.3,-6.7,6.7,BND,0.5,0,reject_raise,model_avg,"{""item_1_1"": ""0E"", ""item_1_2"": ""未书写"", ""item_1_3"": ""未书写"", ""item_2_1"": ""B7"", ""item_2_2"": ""未书写"", ""item_2_3"": ""未发生溢出""}",severe_underestimate;high_extraction_blank;teacher_lenient_core_result_credit_not_modeled;q3_major_lenient_gap;bnd_no_effect;gate_reject_raise
Q3,E12314029_Q3,9.0,2.7,2.7,2.7,-6.3,6.3,BND,0.33,0,reject_raise,model_avg,"{""item_1_1"": ""0E H"", ""item_1_2"": ""未书写"", ""item_1_3"": ""发生溢出"", ""item_2_1"": ""B7 H"", ""item_2_2"": ""未书写"", ""item_2_3"": ""发生溢出""}",severe_underestimate;medium_extraction_blank;teacher_lenient_core_result_credit_not_modeled;q3_major_lenient_gap;bnd_no_effect;gate_reject_raise
Q3,E01914115_Q3,8.0,2.0,2.0,2.0,-6.0,6.0,BND,0.33,0,keep_minor_change,model_avg,"{""item_1_1"": ""(118)₁₆"", ""item_1_2"": ""未书写"", ""item_1_3"": ""发生溢出"", ""item_2_1"": ""(E5)₁₆"", ""item_2_2"": ""未书写"", ""item_2_3"": ""未发生溢出""}",severe_underestimate;medium_extraction_blank;teacher_lenient_core_result_credit_not_modeled;q3_major_lenient_gap;bnd_no_effect;gate_keep_minor_change
Q3,E12214171_Q3,8.0,2.0,2.0,2.0,-6.0,6.0,BND,0.33,0,keep_minor_change,model_avg,"{""item_1_1"": ""01011110"", ""item_1_2"": ""未书写"", ""item_1_3"": ""溢出"", ""item_2_1"": ""10000000"", ""item_2_2"": ""未书写"", ""item_2_3"": ""未溢出""}",severe_underestimate;medium_extraction_blank;teacher_lenient_core_result_credit_not_modeled;q3_major_lenient_gap;bnd_no_effect;gate_keep_minor_change
Q3,E12314009_Q3,7.0,1.0,1.0,1.0,-6.0,6.0,BND,0.33,0,keep_minor_change,model_avg,"{""item_1_1"": ""DEH"", ""item_1_2"": ""未书写"", ""item_1_3"": ""发生溢出"", ""item_2_1"": ""B6H"", ""item_2_2"": ""未书写"", ""item_2_3"": ""发生溢出""}",severe_underestimate;medium_extraction_blank;q3_major_lenient_gap;bnd_no_effect;gate_keep_minor_change
Q3,E12314073_Q3,6.0,0.0,0,0.0,-6.0,6.0,BND,0.33,0,keep_minor_change,model_avg,"{""item_1_1"": ""F2H"", ""item_1_2"": ""未书写"", ""item_1_3"": ""结果未发生溢出"", ""item_2_1"": ""C9H"", ""item_2_2"": ""未书写"", ""item_2_3"": ""结果发生溢出""}",severe_underestimate;medium_extraction_blank;q3_major_lenient_gap;bnd_no_effect;gate_keep_minor_change
Q3,E12314113_Q3,6.0,0.0,0,0.0,-6.0,6.0,BND,0.33,0,keep_minor_change,model_avg,"{""item_1_1"": ""3E H"", ""item_1_2"": ""未书写"", ""item_1_3"": ""未发生溢出"", ""item_2_1"": ""37 H"", ""item_2_2"": ""未书写"", ""item_2_3"": ""发生溢出""}",severe_underestimate;medium_extraction_blank;q3_major_lenient_gap;bnd_no_effect;gate_keep_minor_change
Q3,E12314125_Q3,7.0,1.0,1.0,1.0,-6.0,6.0,BND,0.33,0,keep_minor_change,model_avg,"{""item_1_1"": ""0D H"", ""item_1_2"": ""未书写"", ""item_1_3"": ""有溢出"", ""item_2_1"": ""17H"", ""item_2_2"": ""未书写"", ""item_2_3"": ""发生溢出""}",severe_underestimate;medium_extraction_blank;q3_major_lenient_gap;bnd_no_effect;gate_keep_minor_change
Q3,E12314145_Q3,7.0,1.0,1.0,1.0,-6.0,6.0,BND,0.33,0,keep_minor_change,model_avg,"{""item_1_1"": ""F2H"", ""item_1_2"": ""未书写"", ""item_1_3"": ""发生了溢出"", ""item_2_1"": ""C9H"", ""item_2_2"": ""未书写"", ""item_2_3"": ""发生溢出""}",severe_underestimate;medium_extraction_blank;q3_major_lenient_gap;bnd_no_effect;gate_keep_minor_change
Q3,E12314153_Q3,8.0,2.0,2.0,2.0,-6.0,6.0,BND,0.33,0,keep_minor_change,model_avg,"{""item_1_1"": ""F0000072H"", ""item_1_2"": ""未书写"", ""item_1_3"": ""发生溢出"", ""item_2_1"": ""000001B7H"", ""item_2_2"": ""未书写"", ""item_2_3"": ""发生溢出""}",severe_underestimate;medium_extraction_blank;teacher_lenient_core_result_credit_not_modeled;q3_major_lenient_gap;bnd_no_effect;gate_keep_minor_change
Q3,E12314221_Q3,7.0,1.0,1.0,1.0,-6.0,6.0,BND,0.33,0,keep_minor_change,model_avg,"{""item_1_1"": ""90H"", ""item_1_2"": ""未书写"", ""item_1_3"": ""发生溢出"", ""item_2_1"": ""A7H"", ""item_2_2"": ""未书写"", ""item_2_3"": ""发生溢出""}",severe_underestimate;medium_extraction_blank;q3_major_lenient_gap;bnd_no_effect;gate_keep_minor_change
Q3,E12214091_Q3,8.0,2.3,2.3,2.3,-5.7,5.7,BND,0.33,0,keep_minor_change,model_avg,"{""item_1_1"": ""1110 1110"", ""item_1_2"": ""未书写"", ""item_1_3"": ""OF溢出"", ""item_2_1"": ""101 0111"", ""item_2_2"": ""未书写"", ""item_2_3"": ""不溢出""}",severe_underestimate;medium_extraction_blank;teacher_lenient_core_result_credit_not_modeled;q3_major_lenient_gap;bnd_no_effect;gate_keep_minor_change
Q3,E12214107_Q3,9.0,3.7,3.7,3.7,-5.3,5.3,BND,0.33,0,keep_minor_change,model_avg,"{""item_1_1"": ""86H"", ""item_1_2"": ""未书写"", ""item_1_3"": ""该结果发生溢出"", ""item_2_1"": ""B7H"", ""item_2_2"": ""未书写"", ""item_2_3"": ""该结果未发生溢出""}",severe_underestimate;medium_extraction_blank;teacher_lenient_core_result_credit_not_modeled;q3_major_lenient_gap;bnd_no_effect;gate_keep_minor_change
Q3,E12314041_Q3,9.0,3.7,3.7,3.7,-5.3,5.3,BND,0.33,0,reject_raise,model_avg,"{""item_1_1"": ""F6H"", ""item_1_2"": ""未书写"", ""item_1_3"": ""结果溢出"", ""item_2_1"": ""B7H"", ""item_2_2"": ""未书写"", ""item_2_3"": ""结果未溢出""}",severe_underestimate;medium_extraction_blank;teacher_lenient_core_result_credit_not_modeled;q3_major_lenient_gap;bnd_no_effect;gate_reject_raise
Q3,E12314165_Q3,9.0,3.7,3.7,3.7,-5.3,5.3,BND,0.33,0,keep_minor_change,model_avg,"{""item_1_1"": ""0000 0000"", ""item_1_2"": ""未书写"", ""item_1_3"": ""OE hi."", ""item_2_1"": ""B7 H"", ""item_2_2"": ""未书写"", ""item_2_3"": ""?F=0.""}",severe_underestimate;medium_extraction_blank;teacher_lenient_core_result_credit_not_modeled;q3_major_lenient_gap;bnd_no_effect;gate_keep_minor_change
Q3,E12314033_Q3,9.0,4.0,4.0,4.0,-5.0,5.0,BND,0.33,0,keep_minor_change,model_avg,"{""item_1_1"": ""0EH"", ""item_1_2"": ""未书写"", ""item_1_3"": ""发生溢出"", ""item_2_1"": ""B7H"", ""item_2_2"": ""未书写"", ""item_2_3"": ""未发生溢出""}",severe_underestimate;medium_extraction_blank;teacher_lenient_core_result_credit_not_modeled;bnd_no_effect;gate_keep_minor_change
Q3,E12314037_Q3,8.0,3.0,3.0,3.0,-5.0,5.0,BND,0.33,0,keep_minor_change,model_avg,"{""item_1_1"": ""8EH"", ""item_1_2"": ""未书写"", ""item_1_3"": ""不会发生溢出"", ""item_2_1"": ""BFH"", ""item_2_2"": ""未书写"", ""item_2_3"": ""没有溢出""}",severe_underestimate;medium_extraction_blank;teacher_lenient_core_result_credit_not_modeled;bnd_no_effect;gate_keep_minor_change
Q3,E12314053_Q3,9.0,4.0,4.0,4.0,-5.0,5.0,BND,0.33,0,keep_minor_change,model_avg,"{""item_1_1"": ""8E14"", ""item_1_2"": ""未书写"", ""item_1_3"": ""未溢出"", ""item_2_1"": ""B7H"", ""item_2_2"": ""未书写"", ""item_2_3"": ""未溢出""}",severe_underestimate;medium_extraction_blank;teacher_lenient_core_result_credit_not_modeled;bnd_no_effect;gate_keep_minor_change
Q3,E12314081_Q3,7.0,2.0,2.0,2.0,-5.0,5.0,BND,0.33,0,keep_minor_change,model_avg,"{""item_1_1"": ""5E H"", ""item_1_2"": ""未书写"", ""item_1_3"": ""结果发生溢出"", ""item_2_1"": ""B2 H"", ""item_2_2"": ""未书写"", ""item_2_3"": ""未发生溢出""}",severe_underestimate;medium_extraction_blank;bnd_no_effect;gate_keep_minor_change
Q3,E12314089_Q3,9.0,4.0,4.0,4.0,-5.0,5.0,BND,0.33,0,keep_minor_change,model_avg,"{""item_1_1"": ""0EH"", ""item_1_2"": ""未书写"", ""item_1_3"": ""发生溢出"", ""item_2_1"": ""B7H"", ""item_2_2"": ""未书写"", ""item_2_3"": ""未发生溢出""}",severe_underestimate;medium_extraction_blank;teacher_lenient_core_result_credit_not_modeled;bnd_no_effect;gate_keep_minor_change
Q3,E12314105_Q3,9.0,4.0,4.0,4.0,-5.0,5.0,BND,0.33,0,keep_minor_change,model_avg,"{""item_1_1"": ""8FH"", ""item_1_2"": ""未书写"", ""item_1_3"": ""发生溢出"", ""item_2_1"": ""B7H"", ""item_2_2"": ""未书写"", ""item_2_3"": ""未发生溢出""}",severe_underestimate;medium_extraction_blank;teacher_lenient_core_result_credit_not_modeled;bnd_no_effect;gate_keep_minor_change
Q3,E12314121_Q3,8.0,3.0,3.0,3.0,-5.0,5.0,BND,0.33,0,keep_minor_change,model_avg,"{""item_1_1"": ""E4 (H)"", ""item_1_2"": ""未书写"", ""item_1_3"": ""发生溢出"", ""item_2_1"": ""B7 (H)"", ""item_2_2"": ""未书写"", ""item_2_3"": ""发生溢出""}",severe_underestimate;medium_extraction_blank;teacher_lenient_core_result_credit_not_modeled;bnd_no_effect;gate_keep_minor_change
Q3,E12314137_Q3,9.0,4.0,4.0,4.0,-5.0,5.0,BND,0.33,0,keep_minor_change,model_avg,"{""item_1_1"": ""8EH"", ""item_1_2"": ""未书写"", ""item_1_3"": ""丝溢出"", ""item_2_1"": ""63H"", ""item_2_2"": ""未书写"", ""item_2_3"": ""未溢出""}",severe_underestimate;medium_extraction_blank;teacher_lenient_core_result_credit_not_modeled;bnd_no_effect;gate_keep_minor_change
Q3,E12314157_Q3,7.0,2.0,2.0,2.0,-5.0,5.0,BND,0.33,0,keep_minor_change,model_avg,"{""item_1_1"": ""E2H"", ""item_1_2"": ""未书写"", ""item_1_3"": ""有溢出"", ""item_2_1"": ""99H"", ""item_2_2"": ""未书写"", ""item_2_3"": ""无溢出""}",severe_underestimate;medium_extraction_blank;bnd_no_effect;gate_keep_minor_change
Q3,E12314185_Q3,9.0,4.0,4.0,4.0,-5.0,5.0,BND,0.33,0,keep_minor_change,model_avg,"{""item_1_1"": ""0E H"", ""item_1_2"": ""未书写"", ""item_1_3"": ""发生溢出"", ""item_2_1"": ""B7 H"", ""item_2_2"": ""未书写"", ""item_2_3"": ""未发生溢出""}",severe_underestimate;medium_extraction_blank;teacher_lenient_core_result_credit_not_modeled;bnd_no_effect;gate_keep_minor_change
Q3,E12314117_Q3,7.0,2.7,2.7,2.7,-4.3,4.3,BND,0.33,0,reject_raise,model_avg,"{""item_1_1"": ""10001110"", ""item_1_2"": ""未书写"", ""item_1_3"": ""未发生溢出"", ""item_2_1"": ""10101101"", ""item_2_2"": ""未书写"", ""item_2_3"": ""未发生溢出""}",severe_underestimate;medium_extraction_blank;bnd_no_effect;gate_reject_raise
Q3,E12314213_Q3,6.0,1.7,1.7,1.7,-4.3,4.3,BND,0.33,0,keep_minor_change,model_avg,"{""item_1_1"": ""11110010"", ""item_1_2"": ""未书写"", ""item_1_3"": ""不会溢出"", ""item_2_1"": ""110110111"", ""item_2_2"": ""未书写"", ""item_2_3"": ""会溢出""}",severe_underestimate;medium_extraction_blank;bnd_no_effect;gate_keep_minor_change
Q3,E12214075_Q3,9.0,5.0,5.0,5.0,-4.0,4.0,BND,0.33,0,keep_minor_change,model_avg,"{""item_1_1"": ""8E H"", ""item_1_2"": ""未书写"", ""item_1_3"": ""未发生溢出"", ""item_2_1"": ""B7 H"", ""item_2_2"": ""未书写"", ""item_2_3"": ""未溢出""}",severe_underestimate;medium_extraction_blank;teacher_lenient_core_result_credit_not_modeled;bnd_no_effect;gate_keep_minor_change
Q3,E12314005_Q3,10.0,6.0,6.0,6.0,-4.0,4.0,BND,0.33,0,keep_minor_change,model_avg,"{""item_1_1"": ""8EH"", ""item_1_2"": ""未书写"", ""item_1_3"": ""发生溢出"", ""item_2_1"": ""B7H"", ""item_2_2"": ""未书写"", ""item_2_3"": ""未发生溢出""}",severe_underestimate;medium_extraction_blank;teacher_lenient_core_result_credit_not_modeled;bnd_no_effect;gate_keep_minor_change
Q3,E12314013_Q3,9.0,5.0,5.0,5.0,-4.0,4.0,BND,0.0,0,keep_minor_change,model_avg,"{""item_1_1"": ""86H"", ""item_1_2"": ""-122"", ""item_1_3"": ""不溢出"", ""item_2_1"": ""B7H"", ""item_2_2"": ""-73"", ""item_2_3"": ""无溢出""}",severe_underestimate;teacher_lenient_core_result_credit_not_modeled;bnd_no_effect;gate_keep_minor_change
Q3,E12314025_Q3,9.0,4.3,5.0,5.0,-4.0,4.0,BND,0.33,0,keep_minor_change,upper_consensus_undercredit,"{""item_1_1"": ""8E H"", ""item_1_2"": ""未书写"", ""item_1_3"": ""未溢出"", ""item_2_1"": ""B7 H"", ""item_2_2"": ""未书写"", ""item_2_3"": ""未溢出""}",severe_underestimate;medium_extraction_blank;teacher_lenient_core_result_credit_not_modeled;gate_keep_minor_change
Q3,E12314049_Q3,9.0,5.0,5.0,5.0,-4.0,4.0,BND,0.33,0,keep_minor_change,model_avg,"{""item_1_1"": ""8EH"", ""item_1_2"": ""未书写"", ""item_1_3"": ""无溢出"", ""item_2_1"": ""B7H"", ""item_2_2"": ""未书写"", ""item_2_3"": ""无溢出""}",severe_underestimate;medium_extraction_blank;teacher_lenient_core_result_credit_not_modeled;bnd_no_effect;gate_keep_minor_change
Q3,E12314077_Q3,9.0,5.0,5.0,5.0,-4.0,4.0,BND,0.5,0,keep_minor_change,model_avg,"{""item_1_1"": ""8E H"", ""item_1_2"": ""未书写"", ""item_1_3"": ""发生溢出"", ""item_2_1"": ""B7 H"", ""item_2_2"": ""未书写"", ""item_2_3"": ""未书写""}",severe_underestimate;high_extraction_blank;teacher_lenient_core_result_credit_not_modeled;bnd_no_effect;gate_keep_minor_change
Q3,E12314085_Q3,8.0,4.0,4.0,4.0,-4.0,4.0,BND,0.33,0,keep_minor_change,model_avg,"{""item_1_1"": ""10001110"", ""item_1_2"": ""未书写"", ""item_1_3"": ""OF=1，发生溢出"", ""item_2_1"": ""01100111"", ""item_2_2"": ""未书写"", ""item_2_3"": ""OF=0，未发生溢出""}",severe_underestimate;medium_extraction_blank;teacher_lenient_core_result_credit_not_modeled;bnd_no_effect;gate_keep_minor_change
Q3,E12314097_Q3,7.0,3.0,3.0,3.0,-4.0,4.0,BND,0.33,0,keep_minor_change,model_avg,"{""item_1_1"": ""8E H"", ""item_1_2"": ""未书写"", ""item_1_3"": ""发生溢出"", ""item_2_1"": ""144H 1000441"", ""item_2_2"": ""未书写"", ""item_2_3"": ""发生溢出""}",severe_underestimate;medium_extraction_blank;bnd_no_effect;gate_keep_minor_change
Q3,E12314169_Q3,10.0,6.0,6.0,6.0,-4.0,4.0,BND,0.33,0,keep_minor_change,model_avg,"{""item_1_1"": ""0x8E"", ""item_1_2"": ""未书写"", ""item_1_3"": ""发生溢出"", ""item_2_1"": ""0xB7"", ""item_2_2"": ""未书写"", ""item_2_3"": ""未发生溢出""}",severe_underestimate;medium_extraction_blank;teacher_lenient_core_result_credit_not_modeled;bnd_no_effect;gate_keep_minor_change
Q3,E12314173_Q3,8.0,4.0,4.0,4.0,-4.0,4.0,BND,0.33,0,keep_minor_change,model_avg,"{""item_1_1"": ""8EH"", ""item_1_2"": ""未书写"", ""item_1_3"": ""未发生溢出"", ""item_2_1"": ""B7H"", ""item_2_2"": ""未书写"", ""item_2_3"": ""发生溢出""}",severe_underestimate;medium_extraction_blank;teacher_lenient_core_result_credit_not_modeled;bnd_no_effect;gate_keep_minor_change
Q3,E12314181_Q3,6.0,2.0,2.0,2.0,-4.0,4.0,BND,0.67,0,keep_minor_change,model_avg,"{""item_1_1"": ""8EH"", ""item_1_2"": ""未书写"", ""item_1_3"": ""未书写"", ""item_2_1"": ""A6H"", ""item_2_2"": ""未书写"", ""item_2_3"": ""未书写""}",severe_underestimate;high_extraction_blank;bnd_no_effect;gate_keep_minor_change
Q3,E12314189_Q3,10.0,6.0,6.0,6.0,-4.0,4.0,BND,0.33,0,keep_minor_change,model_avg,"{""item_1_1"": ""8EH"", ""item_1_2"": ""未书写"", ""item_1_3"": ""发生溢出"", ""item_2_1"": ""B7H"", ""item_2_2"": ""未书写"", ""item_2_3"": ""未发生溢出""}",severe_underestimate;medium_extraction_blank;teacher_lenient_core_result_credit_not_modeled;bnd_no_effect;gate_keep_minor_change
Q3,E12314193_Q3,8.0,4.0,4.0,4.0,-4.0,4.0,BND,0.17,0,keep_minor_change,model_avg,"{""item_1_1"": ""8EH"", ""item_1_2"": ""-118"", ""item_1_3"": ""未书写"", ""item_2_1"": ""187H"", ""item_2_2"": ""-73"", ""item_2_3"": ""发生上溢""}",severe_underestimate;teacher_lenient_core_result_credit_not_modeled;bnd_no_effect;gate_keep_minor_change
Q3,E12314201_Q3,9.0,5.0,5.0,5.0,-4.0,4.0,BND,0.33,0,keep_minor_change,model_avg,"{""item_1_1"": ""8EH"", ""item_1_2"": ""未书写"", ""item_1_3"": ""没有溢出"", ""item_2_1"": ""B7H"", ""item_2_2"": ""未书写"", ""item_2_3"": ""没有溢出""}",severe_underestimate;medium_extraction_blank;teacher_lenient_core_result_credit_not_modeled;bnd_no_effect;gate_keep_minor_change
Q3,WA2324049_Q3,10.0,6.0,6.0,6.0,-4.0,4.0,BND,0.33,0,keep_minor_change,model_avg,"{""item_1_1"": ""8E H"", ""item_1_2"": ""未书写"", ""item_1_3"": ""发生溢出"", ""item_2_1"": ""B7H"", ""item_2_2"": ""未书写"", ""item_2_3"": ""未溢出""}",severe_underestimate;medium_extraction_blank;teacher_lenient_core_result_credit_not_modeled;bnd_no_effect;gate_keep_minor_change
Q3,E12214062_Q3,8.0,4.3,4.3,4.3,-3.7,3.7,BND,0.5,0,reject_lower,model_avg,"{""item_1_1"": ""8E H"", ""item_1_2"": ""未书写"", ""item_1_3"": ""未书写"", ""item_2_1"": ""B7 H"", ""item_2_2"": ""未书写"", ""item_2_3"": ""发生溢出""}",severe_underestimate;high_extraction_blank;teacher_lenient_core_result_credit_not_modeled;bnd_no_effect;gate_reject_lower
Q3,E01914214_Q3,6.0,3.0,3.0,3.0,-3.0,3.0,BND,0.5,0,keep_minor_change,model_avg,"{""item_1_1"": ""10001110"", ""item_1_2"": ""未书写"", ""item_1_3"": ""发生溢出"", ""item_2_1"": ""11110111"", ""item_2_2"": ""未书写"", ""item_2_3"": ""未书写""}",severe_underestimate;high_extraction_blank;bnd_no_effect;gate_keep_minor_change
Q3,E12314021_Q3,7.0,4.0,4.0,4.0,-3.0,3.0,BND,0.17,0,keep_minor_change,model_avg,"{""item_1_1"": ""72H"", ""item_1_2"": ""未书写"", ""item_1_3"": ""未发生溢出"", ""item_2_1"": ""10110111H"", ""item_2_2"": ""-73"", ""item_2_3"": ""未发生溢出""}",severe_underestimate;bnd_no_effect;gate_keep_minor_change
Q3,E12314061_Q3,9.0,5.3,6.0,6.0,-3.0,3.0,BND,0.0,0,reject_raise,upper_consensus_undercredit,"{""item_1_1"": ""8EH"", ""item_1_2"": ""-114"", ""item_1_3"": ""未发生溢出"", ""item_2_1"": ""B7H"", ""item_2_2"": ""-72"", ""item_2_3"": ""未发生溢出""}",severe_underestimate;teacher_lenient_core_result_credit_not_modeled;gate_reject_raise
Q3,E12314069_Q3,3.0,0.0,0,0.0,-3.0,3.0,BND,0.0,0,keep_minor_change,model_avg,"{""item_1_1"": ""00001110"", ""item_1_2"": ""-114"", ""item_1_3"": ""未发生溢出"", ""item_2_1"": ""字迹模糊"", ""item_2_2"": ""字迹模糊"", ""item_2_3"": ""字迹模糊""}",severe_underestimate;bnd_no_effect;gate_keep_minor_change
Q3,E12314093_Q3,8.0,5.0,5.0,5.0,-3.0,3.0,BND,0.0,0,keep_minor_change,model_avg,"{""item_1_1"": ""8AHC"", ""item_1_2"": ""-120"", ""item_1_3"": ""结果溢出"", ""item_2_1"": ""B7H"", ""item_2_2"": ""-73"", ""item_2_3"": ""结果溢出""}",severe_underestimate;teacher_lenient_core_result_credit_not_modeled;bnd_no_effect;gate_keep_minor_change
Q3,E12314129_Q3,5.0,2.0,2.0,2.0,-3.0,3.0,BND,0.33,0,keep_minor_change,model_avg,"{""item_1_1"": ""-7C H"", ""item_1_2"": ""未书写"", ""item_1_3"": ""发生了溢出"", ""item_2_1"": ""196 H"", ""item_2_2"": ""未书写"", ""item_2_3"": ""未发生溢出""}",severe_underestimate;medium_extraction_blank;bnd_no_effect;gate_keep_minor_change
Q3,E12314133_Q3,7.0,3.7,4.0,4.0,-3.0,3.0,BND,0.33,0,keep_minor_change,upper_consensus_undercredit,"{""item_1_1"": ""1000 1110"", ""item_1_2"": ""未书写"", ""item_1_3"": ""无溢出，因为双符号位两位相等。OF=0"", ""item_2_1"": ""111 1000 01 11 011011"", ""item_2_2"": ""未书写"", ""item_2_3"": ""未溢出 OF=0""}",severe_underestimate;medium_extraction_blank;gate_keep_minor_change
Q3,E12314161_Q3,4.0,1.0,1.0,1.0,-3.0,3.0,BND,0.67,0,keep_minor_change,model_avg,"{""item_1_1"": ""1111 0010"", ""item_1_2"": ""未书写"", ""item_1_3"": ""发生溢出"", ""item_2_1"": ""未书写"", ""item_2_2"": ""未书写"", ""item_2_3"": ""未书写""}",severe_underestimate;high_extraction_blank;bnd_no_effect;gate_keep_minor_change
Q3,E12314045_Q3,10.0,7.0,7.0,7.7,-2.3,2.3,BND,0.0,0,small_raise,model_avg,"{""item_1_1"": ""8E H"", ""item_1_2"": ""-73"", ""item_1_3"": ""发生溢出"", ""item_2_1"": ""B7 H"", ""item_2_2"": ""-73"", ""item_2_3"": ""未发生溢出""}",severe_underestimate;gate_small_raise
Q3,E01914290_Q3,7.0,5.0,5.0,5.0,-2.0,2.0,BND,0.0,0,keep_minor_change,model_avg,"{""item_1_1"": ""1111 0010"", ""item_1_2"": ""-114"", ""item_1_3"": ""无溢出"", ""item_2_1"": ""1011 0111"", ""item_2_2"": ""-73"", ""item_2_3"": ""无溢出""}",within_2;bnd_no_effect;gate_keep_minor_change
Q3,E12314149_Q3,8.0,6.0,6.0,6.0,-2.0,2.0,BND,0.33,0,keep_minor_change,model_avg,"{""item_1_1"": ""1000 1110"", ""item_1_2"": ""未书写"", ""item_1_3"": ""发生溢出"", ""item_2_1"": ""1011 0111"", ""item_2_2"": ""未书写"", ""item_2_3"": ""未发生溢出""}",within_2;medium_extraction_blank;teacher_lenient_core_result_credit_not_modeled;bnd_no_effect;gate_keep_minor_change
Q3,E12314141_Q3,8.0,6.0,6.0,6.7,-1.3,1.3,BND,0.0,0,auto_small_raise,model_avg,"{""item_1_1"": ""11100110"", ""item_1_2"": ""-114"", ""item_1_3"": ""发生溢出"", ""item_2_1"": ""10110111"", ""item_2_2"": ""-73"", ""item_2_3"": ""未溢出""}",within_2;gate_auto_small_raise
Q3,E12314101_Q3,0.0,1.0,1.0,1.0,1.0,1.0,BND,0.67,0,keep_minor_change,model_avg,"{""item_1_1"": ""未书写"", ""item_1_2"": ""未书写"", ""item_1_3"": ""不发生溢出"", ""item_2_1"": ""未书写"", ""item_2_2"": ""未书写"", ""item_2_3"": ""不发生溢出""}",within_2;high_extraction_blank;bnd_no_effect;gate_keep_minor_change
Q3,E12214212_Q3,6.0,4.3,5.0,5.7,-0.3,0.3,BND,0.0,0,auto_small_raise,upper_consensus_undercredit,"{""item_1_1"": ""8E H"", ""item_1_2"": ""-114"", ""item_1_3"": ""未发生溢出"", ""item_2_1"": ""B9 H"", ""item_2_2"": ""-73"", ""item_2_3"": ""未发生溢出""}",within_2;gate_auto_small_raise
Q3,E12314205_Q3,8.0,7.0,7.0,7.7,-0.3,0.3,BND,0.0,0,auto_small_raise,model_avg,"{""item_1_1"": ""[X-2y]补=10001110"", ""item_1_2"": ""-114"", ""item_1_3"": ""发生溢出"", ""item_2_1"": ""[(x÷4)+2z]补=10…1111"", ""item_2_2"": ""-73"", ""item_2_3"": ""未发生溢出""}",within_2;gate_auto_small_raise
