question,student_id,teacher,single_first_score,model_avg_score,selected_baseline_score,final_calibrated_score,single_diff,avg_diff,selected_diff,final_diff,selected_abs_error,final_abs_error,avg_gain_vs_single,selected_gain_vs_avg,final_gain_vs_selected,final_gain_vs_avg,final_gain_vs_single,route,baseline_serious_error,risk_captured_by_route,safe_pos,task_type,complex_derivation_task,upper_consensus_eligible,baseline_policy,baseline_score_source,std_dev,blank_rate,U_E,U_S,U_R,primary_risk,primary_mu,boundary_action
Q2,E01914115,18.0,15.8,16.9,16.9,18.0,-2.2,-1.1,-1.1,0.0,1.1,0.0,1.1,0.0,1.1,1.1,2.2,BND,False,False,False,algorithmic_or_mapping,True,False,model_avg,model_avg_score,0.8994,0.0,0.15,0.55,0.15,0.283333,0.716667,auto_small_raise
Q2,E02014181,15.0,10.0,8.0,8.0,8.0,-5.0,-7.0,-7.0,-7.0,7.0,7.0,-2.0,0.0,0.0,0.0,-2.0,NEG,True,True,False,algorithmic_or_mapping,True,False,model_avg,model_avg_score,4.3205,0.0,0.65,1.0,0.65,0.766667,0.233333,
Q2,E12214006,18.0,20.0,20.0,20.0,20.0,2.0,2.0,2.0,2.0,2.0,2.0,0.0,0.0,0.0,0.0,0.0,POS,False,False,True,algorithmic_or_mapping,True,False,model_avg,model_avg_score,0.0,0.0,0.0,0.0,0.0,0.0,1.0,
Q2,E12214023,20.0,10.0,10.0,10.0,11.4,-10.0,-10.0,-10.0,-8.6,10.0,8.6,0.0,0.0,1.4,1.4,1.4,BND,True,True,False,algorithmic_or_mapping,True,False,model_avg,model_avg_score,0.0,0.4,0.4,0.0,0.4,0.266667,0.733333,auto_small_raise
Q2,E12214062,18.0,11.0,10.0,10.0,10.0,-7.0,-8.0,-8.0,-8.0,8.0,8.0,-1.0,0.0,0.0,0.0,-1.0,BND,True,True,False,algorithmic_or_mapping,True,False,model_avg,model_avg_score,0.8165,0.0,0.15,0.5,0.15,0.266667,0.733333,keep_minor_change
Q2,E12214075,20.0,14.0,14.0,14.0,14.0,-6.0,-6.0,-6.0,-6.0,6.0,6.0,0.0,0.0,0.0,0.0,0.0,BND,True,True,False,algorithmic_or_mapping,True,False,model_avg,model_avg_score,0.0,0.0,0.3,0.0,0.3,0.2,0.8,keep_minor_change
Q2,E12214091,20.0,16.0,16.8,16.8,18.0,-4.0,-3.2,-3.2,-2.0,3.2,2.0,0.8,0.0,1.2,1.2,2.0,BND,True,True,False,algorithmic_or_mapping,True,False,model_avg,model_avg_score,0.6236,0.0,0.0,0.375,0.0,0.125,0.875,auto_small_raise
Q2,E01914290,15.0,16.0,16.5,16.5,16.5,1.0,1.5,1.5,1.5,1.5,1.5,-0.5,0.0,0.0,0.0,-0.5,BND,False,False,False,algorithmic_or_mapping,True,False,model_avg,model_avg_score,0.5,0.0,0.3,0.25,0.3,0.283333,0.716667,keep_minor_change
Q2,E12214098,20.0,20.0,18.7,18.7,18.7,0.0,-1.3,-1.3,-1.3,1.3,1.3,-1.3,0.0,0.0,0.0,-1.3,BND,False,False,False,algorithmic_or_mapping,True,False,model_avg,model_avg_score,1.8856,0.0,0.05,1.0,0.05,0.366667,0.633333,keep_minor_change
Q2,E12214107,20.0,8.0,8.3,8.3,8.3,-12.0,-11.7,-11.7,-11.7,11.7,11.7,0.3,0.0,0.0,0.0,0.3,BND,True,True,False,algorithmic_or_mapping,True,False,model_avg,model_avg_score,0.4714,0.0,0.35,0.25,0.35,0.316667,0.683333,reject_lower
Q2,E12214171,20.0,17.0,17.3,17.3,17.3,-3.0,-2.7,-2.7,-2.7,2.7,2.7,0.3,0.0,0.0,0.0,0.3,POS,True,False,False,algorithmic_or_mapping,True,False,model_avg,model_avg_score,0.4714,0.1,0.1,0.25,0.1,0.15,0.85,
Q2,E12214212,14.0,5.0,6.7,6.7,6.7,-9.0,-7.3,-7.3,-7.3,7.3,7.3,1.7,0.0,0.0,0.0,1.7,BND,True,True,False,algorithmic_or_mapping,True,False,model_avg,model_avg_score,2.357,0.5,0.6,1.0,0.6,0.733333,0.266667,reject_lower
Q2,E12314005,20.0,16.5,17.2,17.2,17.2,-3.5,-2.8,-2.8,-2.8,2.8,2.8,0.7,0.0,0.0,0.0,0.7,POS,True,False,False,algorithmic_or_mapping,True,False,model_avg,model_avg_score,0.6236,0.0,0.0,0.375,0.0,0.125,0.875,
Q2,E12314009,15.0,9.0,9.3,9.3,9.3,-6.0,-5.7,-5.7,-5.7,5.7,5.7,0.3,0.0,0.0,0.0,0.3,BND,True,True,False,algorithmic_or_mapping,True,False,model_avg,model_avg_score,0.4714,0.5,0.5,0.25,0.5,0.416667,0.583333,keep_minor_change
Q2,E12314017,19.0,11.5,11.5,11.5,11.5,-7.5,-7.5,-7.5,-7.5,7.5,7.5,0.0,0.0,0.0,0.0,0.0,BND,True,True,False,algorithmic_or_mapping,True,False,model_avg,model_avg_score,0.4082,0.0,0.0,0.25,0.0,0.083333,0.916667,reject_lower
Q2,E12314021,18.0,13.0,15.0,15.0,15.0,-5.0,-3.0,-3.0,-3.0,3.0,3.0,2.0,0.0,0.0,0.0,2.0,BND,True,True,False,algorithmic_or_mapping,True,False,model_avg,model_avg_score,1.4142,0.0,0.05,0.75,0.05,0.283333,0.716667,reject_lower
Q2,E12314025,20.0,12.0,12.0,12.0,13.4,-8.0,-8.0,-8.0,-6.6,8.0,6.6,0.0,0.0,1.4,1.4,1.4,BND,True,True,False,algorithmic_or_mapping,True,False,model_avg,model_avg_score,0.0,0.4,0.4,0.0,0.4,0.266667,0.733333,auto_small_raise
Q2,E12314029,20.0,16.0,16.3,16.3,16.3,-4.0,-3.7,-3.7,-3.7,3.7,3.7,0.3,0.0,0.0,0.0,0.3,BND,True,True,False,algorithmic_or_mapping,True,False,model_avg,model_avg_score,2.0548,0.0,0.0,1.0,0.0,0.333333,0.666667,reject_lower
Q2,E12314013,18.0,8.0,8.0,8.0,8.0,-10.0,-10.0,-10.0,-10.0,10.0,10.0,0.0,0.0,0.0,0.0,0.0,BND,True,True,False,algorithmic_or_mapping,True,False,model_avg,model_avg_score,0.0,0.0,0.4,0.0,0.4,0.266667,0.733333,keep_minor_change
Q2,E12314037,18.0,13.0,15.0,15.0,15.0,-5.0,-3.0,-3.0,-3.0,3.0,3.0,2.0,0.0,0.0,0.0,2.0,BND,True,True,False,algorithmic_or_mapping,True,False,model_avg,model_avg_score,2.8284,0.0,0.05,1.0,0.05,0.366667,0.633333,reject_raise
Q2,E12314033,20.0,15.0,13.2,13.2,13.2,-5.0,-6.8,-6.8,-6.8,6.8,6.8,-1.8,0.0,0.0,0.0,-1.8,BND,True,True,False,algorithmic_or_mapping,True,False,model_avg,model_avg_score,1.3123,0.0,0.05,0.75,0.05,0.283333,0.716667,keep_minor_change
Q2,E12314045,15.0,8.0,7.7,7.7,7.7,-7.0,-7.3,-7.3,-7.3,7.3,7.3,-0.3,0.0,0.0,0.0,-0.3,BND,True,True,False,algorithmic_or_mapping,True,False,model_avg,model_avg_score,1.2472,0.4,0.4,0.75,0.4,0.516667,0.483333,reject_raise
Q2,E12314049,20.0,16.0,16.0,16.0,16.0,-4.0,-4.0,-4.0,-4.0,4.0,4.0,0.0,0.0,0.0,0.0,0.0,BND,True,True,False,algorithmic_or_mapping,True,False,model_avg,model_avg_score,0.0,0.0,0.05,0.0,0.05,0.033333,0.966667,keep_minor_change
Q2,E12314053,20.0,20.0,19.3,19.3,19.3,0.0,-0.7,-0.7,-0.7,0.7,0.7,-0.7,0.0,0.0,0.0,-0.7,BND,False,False,False,algorithmic_or_mapping,True,False,model_avg,model_avg_score,0.4714,0.0,0.1,0.25,0.1,0.15,0.85,reject_raise
Q2,E12314057,12.0,10.0,8.0,8.0,8.0,-2.0,-4.0,-4.0,-4.0,4.0,4.0,-2.0,0.0,0.0,0.0,-2.0,NEG,True,True,False,algorithmic_or_mapping,True,False,model_avg,model_avg_score,4.3205,0.4,0.65,1.0,0.65,0.766667,0.233333,
Q2,E12314061,20.0,20.0,19.0,19.0,19.0,0.0,-1.0,-1.0,-1.0,1.0,1.0,-1.0,0.0,0.0,0.0,-1.0,BND,False,False,False,algorithmic_or_mapping,True,False,model_avg,model_avg_score,0.8165,0.0,0.0,0.5,0.0,0.166667,0.833333,keep_minor_change
Q2,E12314041,18.0,9.4,9.6,9.6,9.6,-8.6,-8.4,-8.4,-8.4,8.4,8.4,0.2,0.0,0.0,0.0,0.2,NEG,True,True,False,algorithmic_or_mapping,True,False,model_avg,model_avg_score,3.0243,0.0,0.0,1.0,0.0,0.333333,0.666667,
Q2,E12314065,20.0,20.0,19.8,19.8,19.8,0.0,-0.2,-0.2,-0.2,0.2,0.2,-0.2,0.0,0.0,0.0,-0.2,POS,False,False,True,algorithmic_or_mapping,True,False,model_avg,model_avg_score,0.2357,0.0,0.0,0.125,0.0,0.041667,0.958333,
Q2,E12314073,19.0,16.0,16.0,16.0,16.0,-3.0,-3.0,-3.0,-3.0,3.0,3.0,0.0,0.0,0.0,0.0,0.0,BND,True,True,False,algorithmic_or_mapping,True,False,model_avg,model_avg_score,0.0,0.0,0.05,0.0,0.05,0.033333,0.966667,keep_minor_change
Q2,E12314069,18.0,14.0,14.0,14.0,14.0,-4.0,-4.0,-4.0,-4.0,4.0,4.0,0.0,0.0,0.0,0.0,0.0,BND,True,True,False,algorithmic_or_mapping,True,False,model_avg,model_avg_score,0.8165,0.0,0.0,0.5,0.0,0.166667,0.833333,keep_minor_change
Q2,E12314077,20.0,20.0,19.7,19.7,19.7,0.0,-0.3,-0.3,-0.3,0.3,0.3,-0.3,0.0,0.0,0.0,-0.3,BND,False,False,False,algorithmic_or_mapping,True,False,model_avg,model_avg_score,0.4714,0.0,0.15,0.25,0.15,0.183333,0.816667,keep_minor_change
Q2,E12314085,20.0,12.0,12.0,12.0,13.4,-8.0,-8.0,-8.0,-6.6,8.0,6.6,0.0,0.0,1.4,1.4,1.4,BND,True,True,False,algorithmic_or_mapping,True,False,model_avg,model_avg_score,0.0,0.4,0.4,0.0,0.4,0.266667,0.733333,auto_small_raise
Q2,E12314089,15.0,5.0,4.3,4.3,4.3,-10.0,-10.7,-10.7,-10.7,10.7,10.7,-0.7,0.0,0.0,0.0,-0.7,BND,True,True,False,algorithmic_or_mapping,True,False,model_avg,model_avg_score,0.4714,0.5,0.6,0.25,0.6,0.483333,0.516667,reject_lower
Q2,E12314081,20.0,11.0,13.0,13.0,14.4,-9.0,-7.0,-7.0,-5.6,7.0,5.6,2.0,0.0,1.4,1.4,3.4,BND,True,True,False,algorithmic_or_mapping,True,False,model_avg,model_avg_score,1.4142,0.0,0.0,0.75,0.0,0.25,0.75,medium_raise
Q2,E12314097,15.0,18.0,18.3,18.3,18.3,3.0,3.3,3.3,3.3,3.3,3.3,-0.3,0.0,0.0,0.0,-0.3,BND,True,True,False,algorithmic_or_mapping,True,False,model_avg,model_avg_score,1.2472,0.0,0.4,0.75,0.4,0.516667,0.483333,reject_raise
Q2,E12314101,0.0,0.0,0.0,0.0,0.0,0.0,0.0,0.0,0.0,0.0,0.0,0.0,0.0,0.0,0.0,0.0,BND,False,False,False,algorithmic_or_mapping,True,False,model_avg,model_avg_score,0.0,1.0,1.0,0.0,1.0,0.666667,0.333333,keep_minor_change
Q2,E12314105,18.0,12.0,12.0,12.0,13.4,-6.0,-6.0,-6.0,-4.6,6.0,4.6,0.0,0.0,1.4,1.4,1.4,BND,True,True,False,algorithmic_or_mapping,True,False,model_avg,model_avg_score,0.0,0.4,0.65,0.0,0.65,0.433333,0.566667,auto_small_raise
Q2,E12314109,18.0,8.0,7.7,7.7,7.7,-10.0,-10.3,-10.3,-10.3,10.3,10.3,-0.3,0.0,0.0,0.0,-0.3,BND,True,True,False,algorithmic_or_mapping,True,False,model_avg,model_avg_score,0.4714,0.2,0.25,0.25,0.25,0.25,0.75,keep_minor_change
Q2,E12314093,20.0,14.0,14.0,14.0,14.0,-6.0,-6.0,-6.0,-6.0,6.0,6.0,0.0,0.0,0.0,0.0,0.0,BND,True,True,False,algorithmic_or_mapping,True,False,model_avg,model_avg_score,0.0,0.0,0.15,0.0,0.15,0.1,0.9,keep_minor_change
Q2,E12314117,15.0,5.0,9.5,9.5,9.5,-10.0,-5.5,-5.5,-5.5,5.5,5.5,4.5,0.0,0.0,0.0,4.5,NEG,True,True,False,algorithmic_or_mapping,True,False,model_avg,model_avg_score,4.5,0.0,0.4,1.0,0.4,0.6,0.4,
Q2,E12314113,15.0,17.0,17.0,17.0,17.0,2.0,2.0,2.0,2.0,2.0,2.0,0.0,0.0,0.0,0.0,0.0,BND,False,False,False,algorithmic_or_mapping,True,False,model_avg,model_avg_score,0.0,0.0,0.35,0.0,0.35,0.233333,0.766667,keep_minor_change
Q2,E12314125,15.0,2.0,2.0,2.0,2.0,-13.0,-13.0,-13.0,-13.0,13.0,13.0,0.0,0.0,0.0,0.0,0.0,BND,True,True,False,algorithmic_or_mapping,True,False,model_avg,model_avg_score,0.0,0.9,0.9,0.0,0.9,0.6,0.4,keep_minor_change
Q2,E12314129,15.0,2.0,2.0,2.0,2.0,-13.0,-13.0,-13.0,-13.0,13.0,13.0,0.0,0.0,0.0,0.0,0.0,BND,True,True,False,algorithmic_or_mapping,True,False,model_avg,model_avg_score,0.0,0.5,0.9,0.0,0.9,0.6,0.4,keep_minor_change
Q2,E12314121,18.0,7.0,7.7,7.7,7.7,-11.0,-10.3,-10.3,-10.3,10.3,10.3,0.7,0.0,0.0,0.0,0.7,BND,True,True,False,algorithmic_or_mapping,True,False,model_avg,model_avg_score,0.4714,0.0,0.2,0.25,0.2,0.216667,0.783333,reject_raise
Q2,E12314137,18.0,19.0,19.0,19.0,19.0,1.0,1.0,1.0,1.0,1.0,1.0,0.0,0.0,0.0,0.0,0.0,BND,False,False,False,algorithmic_or_mapping,True,False,model_avg,model_avg_score,0.0,0.0,0.15,0.0,0.15,0.1,0.9,keep_minor_change
Q2,E12314141,15.0,14.0,13.7,13.7,13.7,-1.0,-1.3,-1.3,-1.3,1.3,1.3,-0.3,0.0,0.0,0.0,-0.3,BND,False,False,False,algorithmic_or_mapping,True,False,model_avg,model_avg_score,0.4714,0.2,0.45,0.25,0.45,0.383333,0.616667,keep_minor_change
Q2,E12314133,20.0,15.0,15.3,15.3,15.3,-5.0,-4.7,-4.7,-4.7,4.7,4.7,0.3,0.0,0.0,0.0,0.3,BND,True,True,False,algorithmic_or_mapping,True,False,model_avg,model_avg_score,0.4714,0.0,0.0,0.25,0.0,0.083333,0.916667,reject_lower
Q2,E12314149,20.0,13.0,13.3,13.3,13.3,-7.0,-6.7,-6.7,-6.7,6.7,6.7,0.3,0.0,0.0,0.0,0.3,BND,True,True,False,algorithmic_or_mapping,True,False,model_avg,model_avg_score,0.4714,0.2,0.2,0.25,0.25,0.233333,0.766667,reject_lower
Q2,E12314145,18.0,18.0,12.3,12.3,12.3,0.0,-5.7,-5.7,-5.7,5.7,5.7,-5.7,0.0,0.0,0.0,-5.7,NEG,True,True,False,algorithmic_or_mapping,True,False,model_avg,model_avg_score,5.4365,0.0,0.4,1.0,0.4,0.6,0.4,
Q2,E12314153,15.0,17.0,17.0,17.0,17.0,2.0,2.0,2.0,2.0,2.0,2.0,0.0,0.0,0.0,0.0,0.0,BND,False,False,False,algorithmic_or_mapping,True,False,model_avg,model_avg_score,0.0,0.0,0.3,0.0,0.3,0.2,0.8,keep_minor_change
Q2,E12314157,18.0,12.0,10.0,10.0,11.4,-6.0,-8.0,-8.0,-6.6,8.0,6.6,-2.0,0.0,1.4,1.4,-0.6,BND,True,True,False,algorithmic_or_mapping,True,False,model_avg,model_avg_score,1.633,0.6,0.6,1.0,0.6,0.733333,0.266667,small_raise
Q2,E12314165,18.0,17.0,16.7,16.7,16.7,-1.0,-1.3,-1.3,-1.3,1.3,1.3,-0.3,0.0,0.0,0.0,-0.3,BND,False,False,False,algorithmic_or_mapping,True,False,model_avg,model_avg_score,0.4714,0.0,0.1,0.25,0.1,0.15,0.85,keep_minor_change
Q2,E12314161,12.0,9.5,10.5,10.5,11.9,-2.5,-1.5,-1.5,-0.1,1.5,0.1,1.0,0.0,1.4,1.4,2.4,BND,False,False,False,algorithmic_or_mapping,True,False,model_avg,model_avg_score,1.0801,0.4,0.65,0.625,0.65,0.641667,0.358333,small_raise
Q2,E12314169,18.0,20.0,19.3,19.3,19.3,2.0,1.3,1.3,1.3,1.3,1.3,0.7,0.0,0.0,0.0,0.7,BND,False,False,False,algorithmic_or_mapping,True,False,model_avg,model_avg_score,0.4714,0.0,0.15,0.25,0.15,0.183333,0.816667,keep_minor_change
Q2,E12314173,20.0,20.0,20.0,20.0,20.0,0.0,0.0,0.0,0.0,0.0,0.0,0.0,0.0,0.0,0.0,0.0,POS,False,False,True,algorithmic_or_mapping,True,False,model_avg,model_avg_score,0.0,0.0,0.0,0.0,0.0,0.0,1.0,
Q2,E12314177,20.0,16.0,15.0,15.0,15.0,-4.0,-5.0,-5.0,-5.0,5.0,5.0,-1.0,0.0,0.0,0.0,-1.0,BND,True,True,False,algorithmic_or_mapping,True,False,model_avg,model_avg_score,1.4142,0.0,0.0,0.75,0.0,0.25,0.75,reject_lower
Q2,E12314185,20.0,10.0,10.0,10.0,11.4,-10.0,-10.0,-10.0,-8.6,10.0,8.6,0.0,0.0,1.4,1.4,1.4,BND,True,True,False,algorithmic_or_mapping,True,False,model_avg,model_avg_score,0.0,0.4,0.4,0.0,0.4,0.266667,0.733333,auto_small_raise
Q2,E12314189,15.0,20.0,19.3,19.3,19.3,5.0,4.3,4.3,4.3,4.3,4.3,0.7,0.0,0.0,0.0,0.7,POS,True,False,False,algorithmic_or_mapping,True,False,model_avg,model_avg_score,0.4714,0.0,0.05,0.25,0.05,0.116667,0.883333,
Q2,E12314181,18.0,17.0,17.3,17.3,17.3,-1.0,-0.7,-0.7,-0.7,0.7,0.7,0.3,0.0,0.0,0.0,0.3,BND,False,False,False,algorithmic_or_mapping,True,False,model_avg,model_avg_score,0.4714,0.0,0.0,0.25,0.0,0.083333,0.916667,keep_minor_change
Q2,E12314201,20.0,18.0,18.3,18.3,18.3,-2.0,-1.7,-1.7,-1.7,1.7,1.7,0.3,0.0,0.0,0.0,0.3,BND,False,False,False,algorithmic_or_mapping,True,False,model_avg,model_avg_score,0.4714,0.1,0.1,0.25,0.1,0.15,0.85,reject_raise
Q2,E12314205,20.0,20.0,20.0,20.0,20.0,0.0,0.0,0.0,0.0,0.0,0.0,0.0,0.0,0.0,0.0,0.0,BND,False,False,False,algorithmic_or_mapping,True,False,model_avg,model_avg_score,0.0,0.0,0.15,0.0,0.15,0.1,0.9,keep_minor_change
Q2,E12314193,15.0,20.0,19.5,19.5,19.5,5.0,4.5,4.5,4.5,4.5,4.5,0.5,0.0,0.0,0.0,0.5,BND,True,True,False,algorithmic_or_mapping,True,False,model_avg,model_avg_score,0.411,0.0,0.25,0.25,0.25,0.25,0.75,keep_minor_change
Q2,E12314209,20.0,12.0,13.0,13.0,13.0,-8.0,-7.0,-7.0,-7.0,7.0,7.0,1.0,0.0,0.0,0.0,1.0,BND,True,True,False,algorithmic_or_mapping,True,False,model_avg,model_avg_score,0.8165,0.0,0.15,0.5,0.15,0.266667,0.733333,keep_minor_change
Q2,E12314213,15.0,7.0,6.3,6.3,6.3,-8.0,-8.7,-8.7,-8.7,8.7,8.7,-0.7,0.0,0.0,0.0,-0.7,BND,True,True,False,algorithmic_or_mapping,True,False,model_avg,model_avg_score,0.9428,0.0,0.4,0.5,0.4,0.433333,0.566667,reject_raise
Q2,E12314217,20.0,12.5,12.2,12.2,12.2,-7.5,-7.8,-7.8,-7.8,7.8,7.8,-0.3,0.0,0.0,0.0,-0.3,BND,True,True,False,algorithmic_or_mapping,True,False,model_avg,model_avg_score,0.2357,0.0,0.1,0.125,0.1,0.108333,0.891667,keep_minor_change
Q2,E12314221,15.0,20.0,20.0,20.0,20.0,5.0,5.0,5.0,5.0,5.0,5.0,0.0,0.0,0.0,0.0,0.0,BND,True,True,False,algorithmic_or_mapping,True,False,model_avg,model_avg_score,0.0,0.0,0.25,0.0,0.25,0.166667,0.833333,keep_minor_change
Q2,WA2324049,20.0,16.0,18.7,18.7,18.7,-4.0,-1.3,-1.3,-1.3,1.3,1.3,2.7,0.0,0.0,0.0,2.7,BND,False,False,False,algorithmic_or_mapping,True,False,model_avg,model_avg_score,1.8856,0.0,0.15,1.0,0.15,0.433333,0.566667,reject_lower
Q3,E01914115,8.0,4.0,4.0,4.0,4.0,-4.0,-4.0,-4.0,-4.0,4.0,4.0,0.0,0.0,0.0,0.0,0.0,BND,True,True,False,calculation_derivation,True,True,model_avg,model_avg_score,0.0,0.0,0.0,0.0,0.0,0.0,1.0,keep_minor_change
Q3,E01914214,6.0,4.0,4.0,4.0,4.0,-2.0,-2.0,-2.0,-2.0,2.0,2.0,0.0,0.0,0.0,0.0,0.0,BND,False,False,False,calculation_derivation,True,True,model_avg,model_avg_score,0.0,0.33,0.2,0.0,0.2,0.133333,0.866667,keep_minor_change
Q3,E02014181,7.0,0.0,0.0,0.0,0.0,-7.0,-7.0,-7.0,-7.0,7.0,7.0,0.0,0.0,0.0,0.0,0.0,BND,True,True,False,calculation_derivation,True,True,model_avg,model_avg_score,0.0,0.33,0.3,0.0,0.3,0.2,0.8,keep_minor_change
Q3,E01914290,7.0,7.0,7.0,7.0,7.0,0.0,0.0,0.0,0.0,0.0,0.0,0.0,0.0,0.0,0.0,0.0,BND,False,False,False,calculation_derivation,True,True,model_avg,model_avg_score,0.0,0.0,0.0,0.0,0.0,0.0,1.0,keep_minor_change
Q3,E12214023,8.0,4.0,4.0,4.0,4.0,-4.0,-4.0,-4.0,-4.0,4.0,4.0,0.0,0.0,0.0,0.0,0.0,BND,True,True,False,calculation_derivation,True,True,model_avg,model_avg_score,0.0,0.33,0.2,0.0,0.2,0.133333,0.866667,keep_minor_change
Q3,E12214006,6.0,0.0,0.0,0.0,0.0,-6.0,-6.0,-6.0,-6.0,6.0,6.0,0.0,0.0,0.0,0.0,0.0,BND,True,True,False,calculation_derivation,True,True,model_avg,model_avg_score,0.0,0.0,0.0,0.0,0.0,0.0,1.0,keep_minor_change
Q3,E12214062,8.0,7.0,7.0,7.0,7.0,-1.0,-1.0,-1.0,-1.0,1.0,1.0,0.0,0.0,0.0,0.0,0.0,BND,False,False,False,calculation_derivation,True,True,model_avg,model_avg_score,0.0,0.0,0.0,0.0,0.0,0.0,1.0,keep_minor_change
Q3,E12214075,9.0,6.0,6.0,6.0,6.7,-3.0,-3.0,-3.0,-2.3,3.0,2.3,0.0,0.0,0.7,0.7,0.7,BND,True,True,False,calculation_derivation,True,True,model_avg,model_avg_score,0.0,0.33,0.2,0.0,0.2,0.133333,0.866667,auto_small_raise
Q3,E12214091,8.0,4.0,4.9,5.4,6.1,-4.0,-3.1,-2.6,-1.9,2.6,1.9,0.9,0.5,0.7,1.2,2.1,BND,True,True,False,calculation_derivation,True,True,upper_consensus_undercredit,guarded_max_of_three,0.66,0.33,0.2,0.7,0.2,0.366667,0.633333,auto_small_raise
Q3,E12214098,9.0,5.4,5.8,6.0,6.7,-3.6,-3.2,-3.0,-2.3,3.0,2.3,0.4,0.2,0.7,0.9,1.3,BND,True,True,False,calculation_derivation,True,True,upper_consensus_undercredit,guarded_max_of_three,0.2828,0.33,0.2,0.3,0.2,0.233333,0.766667,auto_small_raise
Q3,E12214107,9.0,6.0,6.0,6.0,6.7,-3.0,-3.0,-3.0,-2.3,3.0,2.3,0.0,0.0,0.7,0.7,0.7,BND,True,True,False,calculation_derivation,True,True,model_avg,model_avg_score,0.0,0.33,0.2,0.0,0.2,0.133333,0.866667,auto_small_raise
Q3,E12214171,8.0,4.0,4.0,4.0,4.0,-4.0,-4.0,-4.0,-4.0,4.0,4.0,0.0,0.0,0.0,0.0,0.0,BND,True,True,False,calculation_derivation,True,True,model_avg,model_avg_score,0.0,0.33,0.2,0.0,0.2,0.133333,0.866667,keep_minor_change
Q3,E12214212,6.0,5.0,5.0,5.0,5.0,-1.0,-1.0,-1.0,-1.0,1.0,1.0,0.0,0.0,0.0,0.0,0.0,BND,False,False,False,calculation_derivation,True,True,model_avg,model_avg_score,0.0,0.0,0.0,0.0,0.0,0.0,1.0,keep_minor_change
Q3,E12314005,10.0,8.0,8.0,8.0,8.0,-2.0,-2.0,-2.0,-2.0,2.0,2.0,0.0,0.0,0.0,0.0,0.0,BND,False,False,False,calculation_derivation,True,True,model_avg,model_avg_score,0.0,0.33,0.2,0.0,0.2,0.133333,0.866667,keep_minor_change
Q3,E12314009,7.0,2.0,2.0,2.0,2.0,-5.0,-5.0,-5.0,-5.0,5.0,5.0,0.0,0.0,0.0,0.0,0.0,BND,True,True,False,calculation_derivation,True,True,model_avg,model_avg_score,0.0,0.33,0.3,0.0,0.3,0.2,0.8,keep_minor_change
Q3,E12314013,9.0,5.0,5.0,5.0,5.0,-4.0,-4.0,-4.0,-4.0,4.0,4.0,0.0,0.0,0.0,0.0,0.0,BND,True,True,False,calculation_derivation,True,True,model_avg,model_avg_score,0.0,0.0,0.0,0.0,0.0,0.0,1.0,keep_minor_change
Q3,E12314017,8.0,4.0,4.0,4.0,4.0,-4.0,-4.0,-4.0,-4.0,4.0,4.0,0.0,0.0,0.0,0.0,0.0,BND,True,True,False,calculation_derivation,True,True,model_avg,model_avg_score,0.0,0.0,0.1,0.0,0.1,0.066667,0.933333,keep_minor_change
Q3,E12314025,9.0,6.0,6.0,6.0,6.7,-3.0,-3.0,-3.0,-2.3,3.0,2.3,0.0,0.0,0.7,0.7,0.7,BND,True,True,False,calculation_derivation,True,True,model_avg,model_avg_score,0.0,0.33,0.2,0.0,0.2,0.133333,0.866667,auto_small_raise
Q3,E12314021,7.0,5.0,5.0,5.0,5.0,-2.0,-2.0,-2.0,-2.0,2.0,2.0,0.0,0.0,0.0,0.0,0.0,BND,False,False,False,calculation_derivation,True,True,model_avg,model_avg_score,0.0,0.0,0.0,0.0,0.0,0.0,1.0,keep_minor_change
Q3,E12314029,9.0,6.0,6.0,6.0,6.7,-3.0,-3.0,-3.0,-2.3,3.0,2.3,0.0,0.0,0.7,0.7,0.7,BND,True,True,False,calculation_derivation,True,True,model_avg,model_avg_score,0.0,0.33,0.2,0.0,0.2,0.133333,0.866667,auto_small_raise
Q3,E12314033,9.0,6.0,6.0,6.0,6.7,-3.0,-3.0,-3.0,-2.3,3.0,2.3,0.0,0.0,0.7,0.7,0.7,BND,True,True,False,calculation_derivation,True,True,model_avg,model_avg_score,0.0,0.33,0.2,0.0,0.2,0.133333,0.866667,auto_small_raise
Q3,E12314037,8.0,4.0,4.0,4.0,4.0,-4.0,-4.0,-4.0,-4.0,4.0,4.0,0.0,0.0,0.0,0.0,0.0,BND,True,True,False,calculation_derivation,True,True,model_avg,model_avg_score,0.0,0.33,0.3,0.0,0.3,0.2,0.8,keep_minor_change
Q3,E12314041,9.0,6.0,6.0,6.0,6.7,-3.0,-3.0,-3.0,-2.3,3.0,2.3,0.0,0.0,0.7,0.7,0.7,BND,True,True,False,calculation_derivation,True,True,model_avg,model_avg_score,0.0,0.33,0.2,0.0,0.2,0.133333,0.866667,auto_small_raise
Q3,E12314045,10.0,9.0,9.0,9.0,9.0,-1.0,-1.0,-1.0,-1.0,1.0,1.0,0.0,0.0,0.0,0.0,0.0,BND,False,False,False,calculation_derivation,True,True,model_avg,model_avg_score,0.0,0.0,0.0,0.0,0.0,0.0,1.0,keep_minor_change
Q3,E12314049,9.0,6.0,6.0,6.0,6.7,-3.0,-3.0,-3.0,-2.3,3.0,2.3,0.0,0.0,0.7,0.7,0.7,BND,True,True,False,calculation_derivation,True,True,model_avg,model_avg_score,0.0,0.33,0.2,0.0,0.2,0.133333,0.866667,auto_small_raise
Q3,E12314057,7.0,3.0,3.3,3.3,3.3,-4.0,-3.7,-3.7,-3.7,3.7,3.7,0.3,0.0,0.0,0.0,0.3,BND,True,True,False,calculation_derivation,True,True,model_avg,model_avg_score,0.4714,0.0,0.0,0.5,0.0,0.166667,0.833333,reject_lower
Q3,E12314053,9.0,5.0,4.3,4.3,4.3,-4.0,-4.7,-4.7,-4.7,4.7,4.7,-0.7,0.0,0.0,0.0,-0.7,BND,True,True,False,calculation_derivation,True,True,model_avg,model_avg_score,0.4714,0.0,0.0,0.5,0.0,0.166667,0.833333,keep_minor_change
Q3,E12314061,9.0,6.0,6.5,6.5,6.5,-3.0,-2.5,-2.5,-2.5,2.5,2.5,0.5,0.0,0.0,0.0,0.5,BND,True,True,False,calculation_derivation,True,True,model_avg,model_avg_score,0.4082,0.0,0.0,0.5,0.0,0.166667,0.833333,keep_minor_change
Q3,E12314065,7.0,0.0,0.0,0.0,0.0,-7.0,-7.0,-7.0,-7.0,7.0,7.0,0.0,0.0,0.0,0.0,0.0,BND,True,True,False,calculation_derivation,True,True,model_avg,model_avg_score,0.0,0.0,0.1,0.0,0.1,0.066667,0.933333,keep_minor_change
Q3,E12314073,6.0,0.0,0.0,0.0,0.0,-6.0,-6.0,-6.0,-6.0,6.0,6.0,0.0,0.0,0.0,0.0,0.0,BND,True,True,False,calculation_derivation,True,True,model_avg,model_avg_score,0.0,0.33,0.2,0.0,0.2,0.133333,0.866667,keep_minor_change
Q3,E12314069,3.0,0.0,0.0,0.0,0.0,-3.0,-3.0,-3.0,-3.0,3.0,3.0,0.0,0.0,0.0,0.0,0.0,BND,True,True,False,calculation_derivation,True,True,model_avg,model_avg_score,0.0,0.0,0.0,0.0,0.0,0.0,1.0,keep_minor_change
Q3,E12314077,9.0,6.0,6.0,6.0,6.7,-3.0,-3.0,-3.0,-2.3,3.0,2.3,0.0,0.0,0.7,0.7,0.7,BND,True,True,False,calculation_derivation,True,True,model_avg,model_avg_score,0.0,0.5,0.4,0.0,0.4,0.266667,0.733333,auto_small_raise
Q3,E12314081,7.0,4.0,4.0,4.0,4.0,-3.0,-3.0,-3.0,-3.0,3.0,3.0,0.0,0.0,0.0,0.0,0.0,BND,True,True,False,calculation_derivation,True,True,model_avg,model_avg_score,0.0,0.33,0.2,0.0,0.2,0.133333,0.866667,keep_minor_change
Q3,E12314085,8.0,6.0,6.0,6.0,6.0,-2.0,-2.0,-2.0,-2.0,2.0,2.0,0.0,0.0,0.0,0.0,0.0,BND,False,False,False,calculation_derivation,True,True,model_avg,model_avg_score,0.0,0.33,0.2,0.0,0.2,0.133333,0.866667,keep_minor_change
Q3,E12314089,9.0,6.0,6.0,6.0,6.7,-3.0,-3.0,-3.0,-2.3,3.0,2.3,0.0,0.0,0.7,0.7,0.7,BND,True,True,False,calculation_derivation,True,True,model_avg,model_avg_score,0.0,0.33,0.2,0.0,0.2,0.133333,0.866667,auto_small_raise
Q3,E12314097,7.0,4.0,4.0,4.0,4.0,-3.0,-3.0,-3.0,-3.0,3.0,3.0,0.0,0.0,0.0,0.0,0.0,BND,True,True,False,calculation_derivation,True,True,model_avg,model_avg_score,0.0,0.33,0.2,0.0,0.2,0.133333,0.866667,keep_minor_change
Q3,E12314093,8.0,4.0,4.0,4.0,4.0,-4.0,-4.0,-4.0,-4.0,4.0,4.0,0.0,0.0,0.0,0.0,0.0,BND,True,True,False,calculation_derivation,True,True,model_avg,model_avg_score,0.0,0.33,0.2,0.0,0.2,0.133333,0.866667,keep_minor_change
Q3,E12314101,0.0,2.0,2.0,2.0,2.0,2.0,2.0,2.0,2.0,2.0,2.0,0.0,0.0,0.0,0.0,0.0,BND,False,False,False,calculation_derivation,True,True,model_avg,model_avg_score,0.0,0.67,0.6,0.0,0.6,0.4,0.6,keep_minor_change
Q3,E12314105,9.0,6.0,6.0,6.0,6.7,-3.0,-3.0,-3.0,-2.3,3.0,2.3,0.0,0.0,0.7,0.7,0.7,BND,True,True,False,calculation_derivation,True,True,model_avg,model_avg_score,0.0,0.33,0.2,0.0,0.2,0.133333,0.866667,auto_small_raise
Q3,E12314109,6.0,0.0,0.0,0.0,0.0,-6.0,-6.0,-6.0,-6.0,6.0,6.0,0.0,0.0,0.0,0.0,0.0,BND,True,True,False,calculation_derivation,True,True,model_avg,model_avg_score,0.0,0.17,0.2,0.0,0.2,0.133333,0.866667,keep_minor_change
Q3,E12314113,6.0,0.0,0.0,0.0,0.0,-6.0,-6.0,-6.0,-6.0,6.0,6.0,0.0,0.0,0.0,0.0,0.0,BND,True,True,False,calculation_derivation,True,True,model_avg,model_avg_score,0.0,0.33,0.2,0.0,0.2,0.133333,0.866667,keep_minor_change
Q3,E12314121,8.0,4.0,4.0,4.0,4.0,-4.0,-4.0,-4.0,-4.0,4.0,4.0,0.0,0.0,0.0,0.0,0.0,BND,True,True,False,calculation_derivation,True,True,model_avg,model_avg_score,0.0,0.33,0.2,0.0,0.2,0.133333,0.866667,keep_minor_change
Q3,E12314117,7.0,4.0,4.0,4.0,4.0,-3.0,-3.0,-3.0,-3.0,3.0,3.0,0.0,0.0,0.0,0.0,0.0,BND,True,True,False,calculation_derivation,True,True,model_avg,model_avg_score,0.0,0.33,0.2,0.0,0.2,0.133333,0.866667,keep_minor_change
Q3,E12314125,7.0,2.0,2.0,2.0,2.0,-5.0,-5.0,-5.0,-5.0,5.0,5.0,0.0,0.0,0.0,0.0,0.0,BND,True,True,False,calculation_derivation,True,True,model_avg,model_avg_score,0.0,0.33,0.2,0.0,0.2,0.133333,0.866667,keep_minor_change
Q3,E12314129,5.0,2.0,2.0,2.0,2.0,-3.0,-3.0,-3.0,-3.0,3.0,3.0,0.0,0.0,0.0,0.0,0.0,BND,True,True,False,calculation_derivation,True,True,model_avg,model_avg_score,0.0,0.33,0.2,0.0,0.2,0.133333,0.866667,keep_minor_change
Q3,E12314137,9.0,6.0,6.0,6.0,6.7,-3.0,-3.0,-3.0,-2.3,3.0,2.3,0.0,0.0,0.7,0.7,0.7,BND,True,True,False,calculation_derivation,True,True,model_avg,model_avg_score,0.0,0.33,0.2,0.0,0.2,0.133333,0.866667,auto_small_raise
Q3,E12314133,7.0,4.0,3.8,3.8,3.8,-3.0,-3.2,-3.2,-3.2,3.2,3.2,-0.2,0.0,0.0,0.0,-0.2,BND,True,True,False,calculation_derivation,True,True,model_avg,model_avg_score,0.2828,0.33,0.2,0.3,0.2,0.233333,0.766667,reject_raise
Q3,E12314145,7.0,2.0,2.0,2.0,2.0,-5.0,-5.0,-5.0,-5.0,5.0,5.0,0.0,0.0,0.0,0.0,0.0,BND,True,True,False,calculation_derivation,True,True,model_avg,model_avg_score,0.0,0.33,0.2,0.0,0.2,0.133333,0.866667,keep_minor_change
Q3,E12314141,8.0,5.0,5.0,5.0,5.0,-3.0,-3.0,-3.0,-3.0,3.0,3.0,0.0,0.0,0.0,0.0,0.0,BND,True,True,False,calculation_derivation,True,True,model_avg,model_avg_score,0.0,0.0,0.1,0.0,0.1,0.066667,0.933333,keep_minor_change
Q3,E12314149,8.0,9.0,9.0,9.0,7.5,1.0,1.0,1.0,-0.5,1.0,0.5,0.0,0.0,0.5,0.5,0.5,BND,False,False,False,calculation_derivation,True,True,model_avg,model_avg_score,0.0,0.0,0.0,0.0,0.0,0.0,1.0,auto_small_lower
Q3,E12314153,8.0,4.0,4.8,4.8,4.8,-4.0,-3.2,-3.2,-3.2,3.2,3.2,0.8,0.0,0.0,0.0,0.8,BND,True,True,False,calculation_derivation,True,True,model_avg,model_avg_score,0.5888,0.33,0.2,0.7,0.2,0.366667,0.633333,reject_raise
Q3,E12314157,7.0,4.0,4.0,4.0,4.0,-3.0,-3.0,-3.0,-3.0,3.0,3.0,0.0,0.0,0.0,0.0,0.0,BND,True,True,False,calculation_derivation,True,True,model_avg,model_avg_score,0.0,0.33,0.2,0.0,0.2,0.133333,0.866667,keep_minor_change
Q3,E12314165,9.0,6.0,6.0,6.0,6.7,-3.0,-3.0,-3.0,-2.3,3.0,2.3,0.0,0.0,0.7,0.7,0.7,BND,True,True,False,calculation_derivation,True,True,model_avg,model_avg_score,0.0,0.17,0.1,0.0,0.1,0.066667,0.933333,auto_small_raise
Q3,E12314161,4.0,5.0,5.0,5.0,5.0,1.0,1.0,1.0,1.0,1.0,1.0,0.0,0.0,0.0,0.0,0.0,BND,False,False,False,calculation_derivation,True,True,model_avg,model_avg_score,0.0,0.0,0.0,0.0,0.0,0.0,1.0,keep_minor_change
Q3,E12314169,10.0,8.0,8.0,8.0,8.0,-2.0,-2.0,-2.0,-2.0,2.0,2.0,0.0,0.0,0.0,0.0,0.0,BND,False,False,False,calculation_derivation,True,True,model_avg,model_avg_score,0.0,0.33,0.2,0.0,0.2,0.133333,0.866667,keep_minor_change
Q3,E12314173,8.0,4.0,4.0,4.0,4.0,-4.0,-4.0,-4.0,-4.0,4.0,4.0,0.0,0.0,0.0,0.0,0.0,BND,True,True,False,calculation_derivation,True,True,model_avg,model_avg_score,0.0,0.33,0.2,0.0,0.2,0.133333,0.866667,keep_minor_change
Q3,E12314177,7.0,4.0,4.0,4.0,4.0,-3.0,-3.0,-3.0,-3.0,3.0,3.0,0.0,0.0,0.0,0.0,0.0,BND,True,True,False,calculation_derivation,True,True,model_avg,model_avg_score,0.0,0.0,0.1,0.0,0.1,0.066667,0.933333,keep_minor_change
Q3,E12314181,6.0,2.0,2.0,2.0,2.0,-4.0,-4.0,-4.0,-4.0,4.0,4.0,0.0,0.0,0.0,0.0,0.0,BND,True,True,False,calculation_derivation,True,True,model_avg,model_avg_score,0.0,0.67,0.6,0.0,0.6,0.4,0.6,keep_minor_change
Q3,E12314189,10.0,8.0,8.0,8.0,8.0,-2.0,-2.0,-2.0,-2.0,2.0,2.0,0.0,0.0,0.0,0.0,0.0,BND,False,False,False,calculation_derivation,True,True,model_avg,model_avg_score,0.0,0.33,0.2,0.0,0.2,0.133333,0.866667,keep_minor_change
Q3,E12314185,9.0,6.0,6.0,6.0,6.7,-3.0,-3.0,-3.0,-2.3,3.0,2.3,0.0,0.0,0.7,0.7,0.7,BND,True,True,False,calculation_derivation,True,True,model_avg,model_avg_score,0.0,0.33,0.2,0.0,0.2,0.133333,0.866667,auto_small_raise
Q3,E12314201,9.0,6.0,6.0,6.0,6.7,-3.0,-3.0,-3.0,-2.3,3.0,2.3,0.0,0.0,0.7,0.7,0.7,BND,True,True,False,calculation_derivation,True,True,model_avg,model_avg_score,0.0,0.33,0.2,0.0,0.2,0.133333,0.866667,auto_small_raise
Q3,E12314193,8.0,2.0,2.0,2.0,2.0,-6.0,-6.0,-6.0,-6.0,6.0,6.0,0.0,0.0,0.0,0.0,0.0,BND,True,True,False,calculation_derivation,True,True,model_avg,model_avg_score,0.0,0.17,0.2,0.0,0.2,0.133333,0.866667,keep_minor_change
Q3,E12314209,8.0,4.0,4.3,4.3,4.3,-4.0,-3.7,-3.7,-3.7,3.7,3.7,0.3,0.0,0.0,0.0,0.3,BND,True,True,False,calculation_derivation,True,True,model_avg,model_avg_score,0.4714,0.0,0.0,0.5,0.0,0.166667,0.833333,keep_minor_change
Q3,E12314205,8.0,7.0,7.0,7.0,7.0,-1.0,-1.0,-1.0,-1.0,1.0,1.0,0.0,0.0,0.0,0.0,0.0,BND,False,False,False,calculation_derivation,True,True,model_avg,model_avg_score,0.0,0.0,0.0,0.0,0.0,0.0,1.0,keep_minor_change
Q3,E12314213,6.0,1.4,1.4,1.4,1.4,-4.6,-4.6,-4.6,-4.6,4.6,4.6,0.0,0.0,0.0,0.0,0.0,BND,True,True,False,calculation_derivation,True,True,model_avg,model_avg_score,0.0,0.33,0.2,0.0,0.2,0.133333,0.866667,keep_minor_change
Q3,E12314217,10.0,8.2,9.2,9.2,9.2,-1.8,-0.8,-0.8,-0.8,0.8,0.8,1.0,0.0,0.0,0.0,1.0,BND,False,False,False,calculation_derivation,True,True,model_avg,model_avg_score,0.7483,0.0,0.0,0.9,0.0,0.3,0.7,reject_raise
Q3,E12314221,7.0,2.0,2.0,2.0,2.0,-5.0,-5.0,-5.0,-5.0,5.0,5.0,0.0,0.0,0.0,0.0,0.0,BND,True,True,False,calculation_derivation,True,True,model_avg,model_avg_score,0.0,0.33,0.2,0.0,0.2,0.133333,0.866667,keep_minor_change
Q3,WA2324049,10.0,8.0,8.0,8.0,8.0,-2.0,-2.0,-2.0,-2.0,2.0,2.0,0.0,0.0,0.0,0.0,0.0,BND,False,False,False,calculation_derivation,True,True,model_avg,model_avg_score,0.0,0.33,0.2,0.0,0.2,0.133333,0.866667,keep_minor_change
Q4,E01914290,4.0,2.0,2.0,2.0,2.0,-2.0,-2.0,-2.0,-2.0,2.0,2.0,0.0,0.0,0.0,0.0,0.0,BND,False,False,False,calculation_derivation,True,True,model_avg,model_avg_score,0.0,0.67,0.7,0.0,0.8,0.5,0.5,keep_minor_change
Q4,E02014181,0.0,0.0,0.0,0.0,0.0,0.0,0.0,0.0,0.0,0.0,0.0,0.0,0.0,0.0,0.0,0.0,BND,False,False,False,calculation_derivation,True,True,model_avg,model_avg_score,0.0,1.0,1.0,0.0,1.0,0.666667,0.333333,keep_minor_change
Q4,E01914115,6.0,14.0,14.0,14.0,14.0,8.0,8.0,8.0,8.0,8.0,8.0,0.0,0.0,0.0,0.0,0.0,BND,True,True,False,calculation_derivation,True,True,model_avg,model_avg_score,0.0,0.22,0.2,0.0,0.2,0.133333,0.866667,keep_minor_change
Q4,E12214006,14.0,10.0,10.7,10.7,10.7,-4.0,-3.3,-3.3,-3.3,3.3,3.3,0.7,0.0,0.0,0.0,0.7,BND,True,True,False,calculation_derivation,True,True,model_avg,model_avg_score,0.4714,0.22,0.3,0.25,0.3,0.283333,0.716667,keep_minor_change
Q4,E12214023,13.0,13.0,13.5,13.5,12.5,0.0,0.5,0.5,-0.5,0.5,0.5,-0.5,0.0,0.0,0.0,-0.5,BND,False,False,False,calculation_derivation,True,True,model_avg,model_avg_score,0.7318,0.11,0.1,0.4,0.1,0.2,0.8,auto_small_lower
Q4,E12214075,17.0,11.5,11.0,11.0,11.0,-5.5,-6.0,-6.0,-6.0,6.0,6.0,-0.5,0.0,0.0,0.0,-0.5,BND,True,True,False,calculation_derivation,True,True,model_avg,model_avg_score,0.7071,0.0,0.0,0.375,0.0,0.125,0.875,reject_raise
Q4,E12214098,10.0,8.0,8.3,8.3,8.3,-2.0,-1.7,-1.7,-1.7,1.7,1.7,0.3,0.0,0.0,0.0,0.3,BND,False,False,False,calculation_derivation,True,True,model_avg,model_avg_score,0.4714,0.44,0.5,0.25,0.5,0.416667,0.583333,reject_lower
Q4,E12214062,12.0,11.0,11.0,11.0,11.0,-1.0,-1.0,-1.0,-1.0,1.0,1.0,0.0,0.0,0.0,0.0,0.0,BND,False,False,False,calculation_derivation,True,True,model_avg,model_avg_score,0.8165,0.0,0.0,0.5,0.0,0.166667,0.833333,keep_minor_change
Q4,E12214107,15.0,19.0,17.7,17.7,17.7,4.0,2.7,2.7,2.7,2.7,2.7,1.3,0.0,0.0,0.0,1.3,BND,True,True,False,calculation_derivation,True,True,model_avg,model_avg_score,0.9428,0.0,0.0,0.5,0.0,0.166667,0.833333,reject_lower
Q4,E12214171,15.0,14.8,14.9,15.4,15.4,-0.2,-0.1,0.4,0.4,0.4,0.4,0.1,-0.3,0.0,-0.3,-0.2,BND,False,False,False,calculation_derivation,True,True,upper_consensus_strict,guarded_max_of_three,0.3742,0.0,0.0,0.225,0.0,0.075,0.925,reject_lower
Q4,E12314005,13.0,11.5,11.7,11.7,11.7,-1.5,-1.3,-1.3,-1.3,1.3,1.3,0.2,0.0,0.0,0.0,0.2,BND,False,False,False,calculation_derivation,True,True,model_avg,model_avg_score,0.2357,0.0,0.0,0.125,0.0,0.041667,0.958333,keep_minor_change
Q4,E12314013,6.0,10.0,10.2,10.2,10.2,4.0,4.2,4.2,4.2,4.2,4.2,-0.2,0.0,0.0,0.0,-0.2,BND,True,True,False,calculation_derivation,True,True,model_avg,model_avg_score,0.2357,0.11,0.1,0.125,0.1,0.108333,0.891667,keep_minor_change
Q4,E12314021,17.0,12.0,13.7,13.7,13.7,-5.0,-3.3,-3.3,-3.3,3.3,3.3,1.7,0.0,0.0,0.0,1.7,BND,True,True,False,calculation_derivation,True,True,model_avg,model_avg_score,1.2472,0.11,0.1,0.75,0.1,0.316667,0.683333,keep_minor_change
Q4,E12314025,20.0,20.0,20.0,20.0,20.0,0.0,0.0,0.0,0.0,0.0,0.0,0.0,0.0,0.0,0.0,0.0,BND,False,False,False,calculation_derivation,True,True,model_avg,model_avg_score,0.0,0.0,0.0,0.0,0.0,0.0,1.0,keep_minor_change
Q4,E12314029,20.0,15.0,16.3,16.3,16.3,-5.0,-3.7,-3.7,-3.7,3.7,3.7,1.3,0.0,0.0,0.0,1.3,BND,True,True,False,calculation_derivation,True,True,model_avg,model_avg_score,1.2472,0.0,0.0,0.75,0.0,0.25,0.75,reject_lower
Q4,E12314033,20.0,18.0,19.3,19.3,16.3,-2.0,-0.7,-0.7,-3.7,0.7,3.7,1.3,0.0,-3.0,-3.0,-1.7,BND,False,False,False,calculation_derivation,True,True,model_avg,model_avg_score,0.9428,0.0,0.0,0.5,0.0,0.166667,0.833333,auto_small_lower
Q4,E12314041,8.0,16.0,15.0,15.0,15.0,8.0,7.0,7.0,7.0,7.0,7.0,1.0,0.0,0.0,0.0,1.0,BND,True,True,False,calculation_derivation,True,True,model_avg,model_avg_score,1.0801,0.0,0.0,0.625,0.0,0.208333,0.791667,reject_raise
Q4,E12314053,20.0,18.0,16.7,16.7,16.7,-2.0,-3.3,-3.3,-3.3,3.3,3.3,-1.3,0.0,0.0,0.0,-1.3,BND,True,True,False,calculation_derivation,True,True,model_avg,model_avg_score,0.9428,0.0,0.0,0.5,0.0,0.166667,0.833333,reject_lower
Q4,E12314049,15.0,14.0,14.3,14.3,14.3,-1.0,-0.7,-0.7,-0.7,0.7,0.7,0.3,0.0,0.0,0.0,0.3,BND,False,False,False,calculation_derivation,True,True,model_avg,model_avg_score,0.4714,0.0,0.0,0.25,0.0,0.083333,0.916667,keep_minor_change
Q4,E12314057,14.0,13.0,12.7,12.7,12.7,-1.0,-1.3,-1.3,-1.3,1.3,1.3,-0.3,0.0,0.0,0.0,-0.3,BND,False,False,False,calculation_derivation,True,True,model_avg,model_avg_score,0.4714,0.11,0.1,0.25,0.1,0.15,0.85,keep_minor_change
Q4,E12314061,17.0,15.0,12.5,12.5,12.5,-2.0,-4.5,-4.5,-4.5,4.5,4.5,-2.5,0.0,0.0,0.0,-2.5,BND,True,True,False,calculation_derivation,True,True,model_avg,model_avg_score,2.5,0.0,0.0,1.0,0.0,0.333333,0.666667,reject_raise
Q4,E12314081,17.0,8.0,9.0,9.0,9.0,-9.0,-8.0,-8.0,-8.0,8.0,8.0,1.0,0.0,0.0,0.0,1.0,BND,True,True,False,calculation_derivation,True,True,model_avg,model_avg_score,0.8165,0.0,0.0,0.5,0.0,0.166667,0.833333,reject_raise
Q4,E12314085,11.0,10.0,10.5,10.5,10.5,-1.0,-0.5,-0.5,-0.5,0.5,0.5,0.5,0.0,0.0,0.0,0.5,BND,False,False,False,calculation_derivation,True,True,model_avg,model_avg_score,0.7071,0.11,0.1,0.375,0.1,0.191667,0.808333,reject_raise
Q4,E12314089,11.0,9.0,9.5,9.5,10.9,-2.0,-1.5,-1.5,-0.1,1.5,0.1,0.5,0.0,1.4,1.4,1.9,BND,False,False,False,calculation_derivation,True,True,model_avg,model_avg_score,0.4082,0.22,0.2,0.25,0.2,0.216667,0.783333,auto_small_raise
Q4,E12314097,2.0,4.0,4.0,4.0,4.0,2.0,2.0,2.0,2.0,2.0,2.0,0.0,0.0,0.0,0.0,0.0,BND,False,False,False,calculation_derivation,True,True,model_avg,model_avg_score,0.0,0.78,0.8,0.0,0.8,0.533333,0.466667,keep_minor_change
Q4,E12314125,14.0,10.0,10.0,10.0,10.0,-4.0,-4.0,-4.0,-4.0,4.0,4.0,0.0,0.0,0.0,0.0,0.0,BND,True,True,False,calculation_derivation,True,True,model_avg,model_avg_score,0.0,0.0,0.0,0.0,0.0,0.0,1.0,keep_minor_change
Q4,E12314093,12.0,12.9,12.8,12.8,14.2,0.9,0.8,0.8,2.2,0.8,2.2,0.1,0.0,-1.4,-1.4,-1.3,BND,False,False,False,calculation_derivation,True,True,model_avg,model_avg_score,0.5793,0.0,0.0,0.35,0.0,0.116667,0.883333,small_raise
Q4,E12314141,6.0,5.0,4.7,4.7,4.7,-1.0,-1.3,-1.3,-1.3,1.3,1.3,-0.3,0.0,0.0,0.0,-0.3,BND,False,False,False,calculation_derivation,True,True,model_avg,model_avg_score,0.4714,0.22,0.3,0.25,0.3,0.283333,0.716667,reject_raise
Q4,E12314165,8.0,12.0,11.7,11.7,11.7,4.0,3.7,3.7,3.7,3.7,3.7,0.3,0.0,0.0,0.0,0.3,BND,True,True,False,calculation_derivation,True,True,model_avg,model_avg_score,0.4714,0.0,0.0,0.25,0.0,0.083333,0.916667,keep_minor_change
Q4,E12314133,14.0,14.5,13.7,13.7,13.7,0.5,-0.3,-0.3,-0.3,0.3,0.3,0.2,0.0,0.0,0.0,0.2,BND,False,False,False,calculation_derivation,True,True,model_avg,model_avg_score,0.6236,0.22,0.2,0.375,0.2,0.258333,0.741667,reject_lower
Q4,E12314173,9.0,9.0,11.3,11.3,11.3,0.0,2.3,2.3,2.3,2.3,2.3,-2.3,0.0,0.0,0.0,-2.3,BND,True,True,False,calculation_derivation,True,True,model_avg,model_avg_score,1.6997,0.0,0.0,1.0,0.0,0.333333,0.666667,reject_raise
Q4,E12314169,14.0,11.0,12.0,12.0,12.0,-3.0,-2.0,-2.0,-2.0,2.0,2.0,1.0,0.0,0.0,0.0,1.0,BND,False,False,False,calculation_derivation,True,True,model_avg,model_avg_score,0.8165,0.0,0.0,0.5,0.0,0.166667,0.833333,keep_minor_change
Q4,E12314177,12.0,12.0,12.7,12.7,12.7,0.0,0.7,0.7,0.7,0.7,0.7,-0.7,0.0,0.0,0.0,-0.7,BND,False,False,False,calculation_derivation,True,True,model_avg,model_avg_score,0.9428,0.0,0.0,0.5,0.0,0.166667,0.833333,reject_raise
Q4,E12314189,16.0,16.0,15.0,15.0,13.0,0.0,-1.0,-1.0,-3.0,1.0,3.0,-1.0,0.0,-2.0,-2.0,-3.0,BND,False,False,False,calculation_derivation,True,True,model_avg,model_avg_score,0.8165,0.0,0.0,0.5,0.0,0.166667,0.833333,large_lower
Q4,E12314193,6.0,7.5,6.5,6.5,6.5,1.5,0.5,0.5,0.5,0.5,0.5,1.0,0.0,0.0,0.0,1.0,BND,False,False,False,calculation_derivation,True,True,model_avg,model_avg_score,0.7071,0.22,0.3,0.375,0.3,0.325,0.675,reject_raise
Q4,E12314201,12.0,5.0,5.3,5.3,5.3,-7.0,-6.7,-6.7,-6.7,6.7,6.7,0.3,0.0,0.0,0.0,0.3,BND,True,True,False,calculation_derivation,True,True,model_avg,model_avg_score,0.4714,0.0,0.0,0.25,0.0,0.083333,0.916667,reject_raise
Q4,E12314185,15.0,17.0,16.7,16.7,16.7,2.0,1.7,1.7,1.7,1.7,1.7,0.3,0.0,0.0,0.0,0.3,BND,False,False,False,calculation_derivation,True,True,model_avg,model_avg_score,0.4714,0.0,0.0,0.25,0.0,0.083333,0.916667,keep_minor_change
Q4,E12314213,8.0,6.0,6.0,6.0,6.0,-2.0,-2.0,-2.0,-2.0,2.0,2.0,0.0,0.0,0.0,0.0,0.0,BND,False,False,False,calculation_derivation,True,True,model_avg,model_avg_score,0.0,0.22,0.3,0.0,0.3,0.2,0.8,keep_minor_change
Q4,E12314221,6.0,4.0,4.0,4.0,4.0,-2.0,-2.0,-2.0,-2.0,2.0,2.0,0.0,0.0,0.0,0.0,0.0,BND,False,False,False,calculation_derivation,True,True,model_avg,model_avg_score,0.0,0.44,0.4,0.0,0.55,0.316667,0.683333,keep_minor_change
Q4,WA2324049,20.0,14.0,13.7,13.7,10.7,-6.0,-6.3,-6.3,-9.3,6.3,9.3,-0.3,0.0,-3.0,-3.0,-3.3,BND,True,True,False,calculation_derivation,True,True,model_avg,model_avg_score,0.4714,0.0,0.0,0.25,0.0,0.083333,0.916667,auto_small_lower
Q4,E12314217,19.0,17.5,16.3,16.3,16.3,-1.5,-2.7,-2.7,-2.7,2.7,2.7,-1.2,0.0,0.0,0.0,-1.2,BND,True,True,False,calculation_derivation,True,True,model_avg,model_avg_score,0.8498,0.11,0.1,0.5,0.1,0.233333,0.766667,reject_raise
Q5,E01914115,8.0,0.0,0.0,0.0,0.0,-8.0,-8.0,-8.0,-8.0,8.0,8.0,0.0,0.0,0.0,0.0,0.0,BND,True,True,False,calculation_derivation,True,True,model_avg,model_avg_score,0.0,0.0,0.0,0.0,0.0,0.0,1.0,keep_minor_change
Q5,E01914290,8.0,0.0,0.0,0.0,0.0,-8.0,-8.0,-8.0,-8.0,8.0,8.0,0.0,0.0,0.0,0.0,0.0,BND,True,True,False,calculation_derivation,True,True,model_avg,model_avg_score,0.0,0.0,0.0,0.0,0.0,0.0,1.0,keep_minor_change
Q5,E01914214,8.0,1.0,0.3,0.3,0.3,-7.0,-7.7,-7.7,-7.7,7.7,7.7,-0.7,0.0,0.0,0.0,-0.7,BND,True,True,False,calculation_derivation,True,True,model_avg,model_avg_score,0.4714,0.0,0.0,0.333333,0.0,0.111111,0.888889,keep_minor_change
Q5,E02014181,0.0,12.0,12.2,12.2,12.2,12.0,12.2,12.2,12.2,12.2,12.2,-0.2,0.0,0.0,0.0,-0.2,BND,True,True,False,calculation_derivation,True,True,model_avg,model_avg_score,0.2357,0.0,0.0,0.166667,0.0,0.055556,0.944444,keep_minor_change
Q5,E12214006,8.0,0.0,0.0,0.0,0.0,-8.0,-8.0,-8.0,-8.0,8.0,8.0,0.0,0.0,0.0,0.0,0.0,BND,True,True,False,calculation_derivation,True,True,model_avg,model_avg_score,0.0,0.0,0.0,0.0,0.0,0.0,1.0,keep_minor_change
Q5,E12214023,10.0,3.0,3.7,3.7,3.7,-7.0,-6.3,-6.3,-6.3,6.3,6.3,0.7,0.0,0.0,0.0,0.7,BND,True,True,False,calculation_derivation,True,True,model_avg,model_avg_score,0.9428,0.0,0.0,0.666667,0.0,0.222222,0.777778,reject_lower
Q5,E12214075,15.0,15.0,14.0,14.0,14.0,0.0,-1.0,-1.0,-1.0,1.0,1.0,-1.0,0.0,0.0,0.0,-1.0,BND,False,False,False,calculation_derivation,True,True,model_avg,model_avg_score,0.8165,0.0,0.0,0.666667,0.0,0.222222,0.777778,reject_raise
Q5,E12214062,10.0,9.0,7.3,7.3,8.35,-1.0,-2.7,-2.7,-1.65,2.7,1.65,-1.7,0.0,1.05,1.05,-0.65,BND,True,True,False,calculation_derivation,True,True,model_avg,model_avg_score,1.6997,0.0,0.0,1.0,0.0,0.333333,0.666667,small_raise
Q5,E12214091,15.0,10.0,10.8,10.8,8.55,-5.0,-4.2,-4.2,-6.45,4.2,6.45,0.8,0.0,-2.25,-2.25,-1.45,BND,True,True,False,calculation_derivation,True,True,model_avg,model_avg_score,1.1785,0.0,0.0,0.833333,0.0,0.277778,0.722222,large_lower
Q5,E12214098,8.0,2.5,2.3,2.3,2.3,-5.5,-5.7,-5.7,-5.7,5.7,5.7,-0.2,0.0,0.0,0.0,-0.2,BND,True,True,False,calculation_derivation,True,True,model_avg,model_avg_score,0.2357,0.0,0.0,0.166667,0.0,0.055556,0.944444,keep_minor_change
Q5,E12214107,8.0,5.0,1.7,1.7,1.7,-3.0,-6.3,-6.3,-6.3,6.3,6.3,-3.3,0.0,0.0,0.0,-3.3,BND,True,True,False,calculation_derivation,True,True,model_avg,model_avg_score,2.357,0.0,0.0,1.0,0.0,0.333333,0.666667,keep_minor_change
Q5,E12214171,15.0,15.0,15.0,15.0,15.0,0.0,0.0,0.0,0.0,0.0,0.0,0.0,0.0,0.0,0.0,0.0,POS,False,False,True,calculation_derivation,True,True,model_avg,model_avg_score,0.0,0.0,0.0,0.0,0.0,0.0,1.0,
Q5,E12314005,15.0,15.0,15.0,15.0,15.0,0.0,0.0,0.0,0.0,0.0,0.0,0.0,0.0,0.0,0.0,0.0,POS,False,False,True,calculation_derivation,True,True,model_avg,model_avg_score,0.0,0.0,0.0,0.0,0.0,0.0,1.0,
Q5,E12214212,0.0,0.0,0.0,0.0,0.0,0.0,0.0,0.0,0.0,0.0,0.0,0.0,0.0,0.0,0.0,0.0,BND,False,False,False,calculation_derivation,True,True,model_avg,model_avg_score,0.0,1.0,1.0,0.0,1.0,0.666667,0.333333,keep_minor_change
Q5,E12314013,15.0,15.0,15.0,15.0,15.0,0.0,0.0,0.0,0.0,0.0,0.0,0.0,0.0,0.0,0.0,0.0,POS,False,False,True,calculation_derivation,True,True,model_avg,model_avg_score,0.0,0.0,0.0,0.0,0.0,0.0,1.0,
Q5,E12314009,8.0,0.0,0.0,0.0,0.0,-8.0,-8.0,-8.0,-8.0,8.0,8.0,0.0,0.0,0.0,0.0,0.0,BND,True,True,False,calculation_derivation,True,True,model_avg,model_avg_score,0.0,0.0,0.0,0.0,0.0,0.0,1.0,keep_minor_change
Q5,E12314017,8.0,2.5,2.3,2.3,2.3,-5.5,-5.7,-5.7,-5.7,5.7,5.7,-0.2,0.0,0.0,0.0,-0.2,BND,True,True,False,calculation_derivation,True,True,model_avg,model_avg_score,0.2357,0.0,0.0,0.166667,0.0,0.055556,0.944444,keep_minor_change
Q5,E12314025,15.0,10.0,9.0,10.0,10.0,-5.0,-6.0,-5.0,-5.0,5.0,5.0,-1.0,1.0,0.0,1.0,0.0,BND,True,True,False,calculation_derivation,True,True,upper_consensus_undercredit,guarded_max_of_three,0.8165,0.0,0.0,0.666667,0.0,0.222222,0.777778,keep_minor_change
Q5,E12314029,15.0,15.0,15.0,15.0,15.0,0.0,0.0,0.0,0.0,0.0,0.0,0.0,0.0,0.0,0.0,0.0,POS,False,False,True,calculation_derivation,True,True,model_avg,model_avg_score,0.0,0.0,0.0,0.0,0.0,0.0,1.0,
Q5,E12314021,10.0,7.0,4.0,4.0,4.0,-3.0,-6.0,-6.0,-6.0,6.0,6.0,-3.0,0.0,0.0,0.0,-3.0,NEG,True,True,False,calculation_derivation,True,True,model_avg,model_avg_score,2.9439,0.0,0.0,1.0,0.0,0.333333,0.666667,
Q5,E12314037,10.0,13.0,12.8,12.8,12.8,3.0,2.8,2.8,2.8,2.8,2.8,0.2,0.0,0.0,0.0,0.2,BND,True,True,False,calculation_derivation,True,True,model_avg,model_avg_score,0.2357,0.0,0.0,0.166667,0.0,0.055556,0.944444,keep_minor_change
Q5,E12314041,8.0,0.0,0.0,0.0,0.0,-8.0,-8.0,-8.0,-8.0,8.0,8.0,0.0,0.0,0.0,0.0,0.0,BND,True,True,False,calculation_derivation,True,True,model_avg,model_avg_score,0.0,0.0,0.0,0.0,0.0,0.0,1.0,keep_minor_change
Q5,E12314045,15.0,15.0,15.0,15.0,15.0,0.0,0.0,0.0,0.0,0.0,0.0,0.0,0.0,0.0,0.0,0.0,POS,False,False,True,calculation_derivation,True,True,model_avg,model_avg_score,0.0,0.0,0.0,0.0,0.0,0.0,1.0,
Q5,E12314033,10.0,9.0,9.7,9.7,9.7,-1.0,-0.3,-0.3,-0.3,0.3,0.3,0.7,0.0,0.0,0.0,0.7,BND,False,False,False,calculation_derivation,True,True,model_avg,model_avg_score,0.9428,0.0,0.0,0.666667,0.0,0.222222,0.777778,reject_raise
Q5,E12314049,15.0,15.0,15.0,15.0,15.0,0.0,0.0,0.0,0.0,0.0,0.0,0.0,0.0,0.0,0.0,0.0,POS,False,False,True,calculation_derivation,True,True,model_avg,model_avg_score,0.0,0.0,0.0,0.0,0.0,0.0,1.0,
Q5,E12314053,15.0,15.0,15.0,15.0,15.0,0.0,0.0,0.0,0.0,0.0,0.0,0.0,0.0,0.0,0.0,0.0,POS,False,False,True,calculation_derivation,True,True,model_avg,model_avg_score,0.0,0.0,0.0,0.0,0.0,0.0,1.0,
Q5,E12314061,15.0,15.0,15.0,15.0,15.0,0.0,0.0,0.0,0.0,0.0,0.0,0.0,0.0,0.0,0.0,0.0,POS,False,False,True,calculation_derivation,True,True,model_avg,model_avg_score,0.0,0.0,0.0,0.0,0.0,0.0,1.0,
Q5,E12314057,8.0,0.0,0.0,0.0,0.0,-8.0,-8.0,-8.0,-8.0,8.0,8.0,0.0,0.0,0.0,0.0,0.0,BND,True,True,False,calculation_derivation,True,True,model_avg,model_avg_score,0.0,0.0,0.0,0.0,0.0,0.0,1.0,keep_minor_change
Q5,E12314069,15.0,15.0,15.0,15.0,15.0,0.0,0.0,0.0,0.0,0.0,0.0,0.0,0.0,0.0,0.0,0.0,POS,False,False,True,calculation_derivation,True,True,model_avg,model_avg_score,0.0,0.0,0.0,0.0,0.0,0.0,1.0,
Q5,E12314073,10.0,13.0,13.0,13.0,13.0,3.0,3.0,3.0,3.0,3.0,3.0,0.0,0.0,0.0,0.0,0.0,BND,True,True,False,calculation_derivation,True,True,model_avg,model_avg_score,0.0,0.0,0.0,0.0,0.0,0.0,1.0,reject_lower
Q5,E12314077,15.0,15.0,15.0,15.0,15.0,0.0,0.0,0.0,0.0,0.0,0.0,0.0,0.0,0.0,0.0,0.0,POS,False,False,True,calculation_derivation,True,True,model_avg,model_avg_score,0.0,0.0,0.0,0.0,0.0,0.0,1.0,
Q5,E12314081,15.0,15.0,15.0,15.0,15.0,0.0,0.0,0.0,0.0,0.0,0.0,0.0,0.0,0.0,0.0,0.0,POS,False,False,True,calculation_derivation,True,True,model_avg,model_avg_score,0.0,0.0,0.0,0.0,0.0,0.0,1.0,
Q5,E12314085,8.0,0.0,0.0,0.0,0.0,-8.0,-8.0,-8.0,-8.0,8.0,8.0,0.0,0.0,0.0,0.0,0.0,BND,True,True,False,calculation_derivation,True,True,model_avg,model_avg_score,0.0,0.33,0.333333,0.0,0.333333,0.222222,0.777778,keep_minor_change
Q5,E12314065,8.0,0.0,0.7,0.7,0.7,-8.0,-7.3,-7.3,-7.3,7.3,7.3,0.7,0.0,0.0,0.0,0.7,BND,True,True,False,calculation_derivation,True,True,model_avg,model_avg_score,0.9428,0.0,0.0,0.666667,0.0,0.222222,0.777778,reject_lower
Q5,E12314093,8.0,2.0,0.7,0.7,0.7,-6.0,-7.3,-7.3,-7.3,7.3,7.3,-1.3,0.0,0.0,0.0,-1.3,BND,True,True,False,calculation_derivation,True,True,model_avg,model_avg_score,0.9428,0.0,0.0,0.666667,0.0,0.222222,0.777778,reject_raise
Q5,E12314089,8.0,3.0,2.0,3.0,3.0,-5.0,-6.0,-5.0,-5.0,5.0,5.0,-1.0,1.0,0.0,1.0,0.0,BND,True,True,False,calculation_derivation,True,True,upper_consensus_undercredit,guarded_max_of_three,1.4142,0.33,0.333333,1.0,0.333333,0.555556,0.444444,keep_minor_change
Q5,E12314101,8.0,0.0,0.0,0.0,0.0,-8.0,-8.0,-8.0,-8.0,8.0,8.0,0.0,0.0,0.0,0.0,0.0,BND,True,True,False,calculation_derivation,True,True,model_avg,model_avg_score,0.0,0.0,0.0,0.0,0.0,0.0,1.0,keep_minor_change
Q5,E12314105,10.0,12.5,12.8,12.8,12.8,2.5,2.8,2.8,2.8,2.8,2.8,-0.3,0.0,0.0,0.0,-0.3,BND,True,True,False,calculation_derivation,True,True,model_avg,model_avg_score,0.2357,0.0,0.0,0.166667,0.0,0.055556,0.944444,keep_minor_change
Q5,E12314097,15.0,12.5,12.7,12.7,12.7,-2.5,-2.3,-2.3,-2.3,2.3,2.3,0.2,0.0,0.0,0.0,0.2,POS,True,False,False,calculation_derivation,True,True,model_avg,model_avg_score,0.2357,0.0,0.0,0.166667,0.0,0.055556,0.944444,
Q5,E12314113,8.0,0.0,0.0,0.0,0.0,-8.0,-8.0,-8.0,-8.0,8.0,8.0,0.0,0.0,0.0,0.0,0.0,BND,True,True,False,calculation_derivation,True,True,model_avg,model_avg_score,0.0,0.67,0.666667,0.0,0.666667,0.444444,0.555556,keep_minor_change
Q5,E12314109,10.0,10.0,10.0,10.0,10.0,0.0,0.0,0.0,0.0,0.0,0.0,0.0,0.0,0.0,0.0,0.0,BND,False,False,False,calculation_derivation,True,True,model_avg,model_avg_score,0.0,0.0,0.0,0.0,0.0,0.0,1.0,keep_minor_change
Q5,E12314117,8.0,0.0,0.0,0.0,0.0,-8.0,-8.0,-8.0,-8.0,8.0,8.0,0.0,0.0,0.0,0.0,0.0,BND,True,True,False,calculation_derivation,True,True,model_avg,model_avg_score,0.0,0.0,0.0,0.0,0.0,0.0,1.0,keep_minor_change
Q5,E12314125,0.0,0.0,0.0,0.0,0.0,0.0,0.0,0.0,0.0,0.0,0.0,0.0,0.0,0.0,0.0,0.0,BND,False,False,False,calculation_derivation,True,True,model_avg,model_avg_score,0.0,1.0,1.0,0.0,1.0,0.666667,0.333333,keep_minor_change
Q5,E12314121,8.0,0.0,0.0,0.0,0.0,-8.0,-8.0,-8.0,-8.0,8.0,8.0,0.0,0.0,0.0,0.0,0.0,BND,True,True,False,calculation_derivation,True,True,model_avg,model_avg_score,0.0,0.0,0.0,0.0,0.0,0.0,1.0,keep_minor_change
Q5,E12314129,8.0,2.0,0.7,0.7,0.7,-6.0,-7.3,-7.3,-7.3,7.3,7.3,-1.3,0.0,0.0,0.0,-1.3,BND,True,True,False,calculation_derivation,True,True,model_avg,model_avg_score,0.9428,0.33,0.333333,0.666667,0.333333,0.444444,0.555556,reject_raise
Q5,E12314133,12.0,10.0,10.0,10.0,10.0,-2.0,-2.0,-2.0,-2.0,2.0,2.0,0.0,0.0,0.0,0.0,0.0,BND,False,False,False,calculation_derivation,True,True,model_avg,model_avg_score,0.0,0.0,0.0,0.0,0.0,0.0,1.0,keep_minor_change
Q5,E12314137,15.0,13.0,13.0,13.0,13.0,-2.0,-2.0,-2.0,-2.0,2.0,2.0,0.0,0.0,0.0,0.0,0.0,POS,False,False,True,calculation_derivation,True,True,model_avg,model_avg_score,0.0,0.0,0.0,0.0,0.0,0.0,1.0,
Q5,E12314141,8.0,2.5,2.3,2.3,2.3,-5.5,-5.7,-5.7,-5.7,5.7,5.7,-0.2,0.0,0.0,0.0,-0.2,BND,True,True,False,calculation_derivation,True,True,model_avg,model_avg_score,0.2357,0.0,0.0,0.166667,0.0,0.055556,0.944444,keep_minor_change
Q5,E12314145,15.0,7.5,7.7,8.0,9.05,-7.5,-7.3,-7.0,-5.95,7.0,5.95,0.2,0.3,1.05,1.35,1.55,BND,True,True,False,calculation_derivation,True,True,upper_consensus_undercredit,guarded_max_of_three,0.2357,0.0,0.0,0.166667,0.0,0.055556,0.944444,auto_small_raise
Q5,E12314149,15.0,15.0,15.0,15.0,15.0,0.0,0.0,0.0,0.0,0.0,0.0,0.0,0.0,0.0,0.0,0.0,POS,False,False,True,calculation_derivation,True,True,model_avg,model_avg_score,0.0,0.0,0.0,0.0,0.0,0.0,1.0,
Q5,E12314153,8.0,3.0,1.7,1.7,1.7,-5.0,-6.3,-6.3,-6.3,6.3,6.3,-1.3,0.0,0.0,0.0,-1.3,BND,True,True,False,calculation_derivation,True,True,model_avg,model_avg_score,1.2472,0.0,0.0,1.0,0.0,0.333333,0.666667,reject_lower
Q5,E12314157,10.0,2.0,2.3,2.3,2.3,-8.0,-7.7,-7.7,-7.7,7.7,7.7,0.3,0.0,0.0,0.0,0.3,BND,True,True,False,calculation_derivation,True,True,model_avg,model_avg_score,0.4714,0.0,0.166667,0.333333,0.166667,0.222222,0.777778,keep_minor_change
Q5,E12314161,10.0,0.0,0.3,0.3,0.3,-10.0,-9.7,-9.7,-9.7,9.7,9.7,0.3,0.0,0.0,0.0,0.3,BND,True,True,False,calculation_derivation,True,True,model_avg,model_avg_score,0.4714,0.0,0.0,0.333333,0.0,0.111111,0.888889,keep_minor_change
Q5,E12314165,15.0,13.0,14.3,14.3,14.3,-2.0,-0.7,-0.7,-0.7,0.7,0.7,1.3,0.0,0.0,0.0,1.3,BND,False,False,False,calculation_derivation,True,True,model_avg,model_avg_score,0.9428,0.0,0.0,0.666667,0.0,0.222222,0.777778,reject_raise
Q5,E12314169,15.0,13.0,14.3,14.3,14.3,-2.0,-0.7,-0.7,-0.7,0.7,0.7,1.3,0.0,0.0,0.0,1.3,BND,False,False,False,calculation_derivation,True,True,model_avg,model_avg_score,0.9428,0.0,0.0,0.666667,0.0,0.222222,0.777778,reject_raise
Q5,E12314173,15.0,15.0,15.0,15.0,15.0,0.0,0.0,0.0,0.0,0.0,0.0,0.0,0.0,0.0,0.0,0.0,POS,False,False,True,calculation_derivation,True,True,model_avg,model_avg_score,0.0,0.0,0.0,0.0,0.0,0.0,1.0,
Q5,E12314181,5.0,4.0,4.8,5.5,5.5,-1.0,-0.2,0.5,0.5,0.5,0.5,0.8,-0.3,0.0,-0.3,0.5,BND,False,False,False,calculation_derivation,True,True,upper_consensus_undercredit,guarded_max_of_three,0.6236,0.33,0.333333,0.5,0.333333,0.388889,0.611111,reject_lower
Q5,E12314185,15.0,15.0,15.0,15.0,15.0,0.0,0.0,0.0,0.0,0.0,0.0,0.0,0.0,0.0,0.0,0.0,POS,False,False,True,calculation_derivation,True,True,model_avg,model_avg_score,0.0,0.0,0.0,0.0,0.0,0.0,1.0,
Q5,E12314177,5.0,0.0,1.5,1.5,1.5,-5.0,-3.5,-3.5,-3.5,3.5,3.5,1.5,0.0,0.0,0.0,1.5,BND,True,True,False,calculation_derivation,True,True,model_avg,model_avg_score,1.0801,0.0,0.0,0.833333,0.0,0.277778,0.722222,reject_raise
Q5,E12314189,15.0,15.0,15.0,15.0,15.0,0.0,0.0,0.0,0.0,0.0,0.0,0.0,0.0,0.0,0.0,0.0,POS,False,False,True,calculation_derivation,True,True,model_avg,model_avg_score,0.0,0.0,0.0,0.0,0.0,0.0,1.0,
Q5,E12314193,8.0,0.0,0.0,0.0,0.0,-8.0,-8.0,-8.0,-8.0,8.0,8.0,0.0,0.0,0.0,0.0,0.0,BND,True,True,False,calculation_derivation,True,True,model_avg,model_avg_score,0.0,0.0,0.0,0.0,0.0,0.0,1.0,keep_minor_change
Q5,E12314201,15.0,15.0,15.0,15.0,15.0,0.0,0.0,0.0,0.0,0.0,0.0,0.0,0.0,0.0,0.0,0.0,POS,False,False,True,calculation_derivation,True,True,model_avg,model_avg_score,0.0,0.0,0.0,0.0,0.0,0.0,1.0,
Q5,E12314209,8.0,0.0,0.0,0.0,0.0,-8.0,-8.0,-8.0,-8.0,8.0,8.0,0.0,0.0,0.0,0.0,0.0,BND,True,True,False,calculation_derivation,True,True,model_avg,model_avg_score,0.0,0.0,0.0,0.0,0.0,0.0,1.0,keep_minor_change
Q5,E12314213,8.0,0.0,0.0,0.0,0.0,-8.0,-8.0,-8.0,-8.0,8.0,8.0,0.0,0.0,0.0,0.0,0.0,BND,True,True,False,calculation_derivation,True,True,model_avg,model_avg_score,0.0,0.0,0.0,0.0,0.0,0.0,1.0,keep_minor_change
Q5,E12314217,15.0,15.0,15.0,15.0,15.0,0.0,0.0,0.0,0.0,0.0,0.0,0.0,0.0,0.0,0.0,0.0,POS,False,False,True,calculation_derivation,True,True,model_avg,model_avg_score,0.0,0.0,0.0,0.0,0.0,0.0,1.0,
Q5,E12314221,8.0,0.0,0.0,0.0,0.0,-8.0,-8.0,-8.0,-8.0,8.0,8.0,0.0,0.0,0.0,0.0,0.0,BND,True,True,False,calculation_derivation,True,True,model_avg,model_avg_score,0.0,0.33,0.5,0.0,0.5,0.333333,0.666667,keep_minor_change
Q5,WA2324049,15.0,13.0,13.5,13.5,13.5,-2.0,-1.5,-1.5,-1.5,1.5,1.5,0.5,0.0,0.0,0.0,0.5,BND,False,False,False,calculation_derivation,True,True,model_avg,model_avg_score,0.4082,0.0,0.0,0.333333,0.0,0.111111,0.888889,reject_raise
Q5,E12314205,8.0,0.0,0.0,0.0,0.0,-8.0,-8.0,-8.0,-8.0,8.0,8.0,0.0,0.0,0.0,0.0,0.0,BND,True,True,False,calculation_derivation,True,True,model_avg,model_avg_score,0.0,0.0,0.0,0.0,0.0,0.0,1.0,keep_minor_change
